"marker","lg","cM"
"Lcu.2RBY.Chr1p2064272","LG1",0
"Lcu.2RBY.Chr1p5335188","LG1",8.471020396
"Lcu.2RBY.Chr1p8749182","LG1",11.01768671
"Lcu.2RBY.Chr1p9343566","LG1",15.4184012
"Lcu.2RBY.Chr1p9543814","LG1",17.7779872
"Lcu.2RBY.Chr1p9936728","LG1",19.43318093
"Lcu.2RBY.Chr1p11875393","LG1",24.98043239
"Lcu.2RBY.Chr1p11830048","LG1",26.30924757
"Lcu.2RBY.Chr1p13055191","LG1",30.39120083
"Lcu.2RBY.Chr1p15679431","LG1",35.82658946
"Lcu.2RBY.Chr1p14446477","LG1",36.31722056
"Lcu.2RBY.Chr1p15682405","LG1",36.31722056
"Lcu.2RBY.Chr1p14405039","LG1",39.81126912
"Lcu.2RBY.Chr1p17898121","LG1",44.53488083
"Lcu.2RBY.Chr1p18400577","LG1",46.43858475
"Lcu.2RBY.Chr1p19469566","LG1",47.20548674
"Lcu.2RBY.Chr1p21098181","LG1",48.25176001
"Lcu.2RBY.Chr1p21223643","LG1",52.01898367
"Lcu.2RBY.Chr1p22617381","LG1",56.41969815
"Lcu.2RBY.Chr1p23330925","LG1",56.91032925
"Lcu.2RBY.Chr1p23571788","LG1",57.34660784
"Lcu.2RBY.Chr1p25160832","LG1",59.41361259
"Lcu.2RBY.Chr1p26716568","LG1",63.33147657
"Lcu.2RBY.Chr1p32778966","LG1",69.45953802
"Lcu.2RBY.Chr1p35133664","LG1",75.23283287
"Lcu.2RBY.Chr1p37149910","LG1",76.27910614
"Lcu.2RBY.Chr1p33515184","LG1",76.5523329
"Lcu.2RBY.Chr1p33626085","LG1",76.87990946
"Lcu.2RBY.Chr1p35989957","LG1",77.7630784
"Lcu.2RBY.Chr1p33219904","LG1",78.36690613
"Lcu.2RBY.Chr1p31355163","LG1",80.39977447
"Lcu.2RBY.Chr1p27776674","LG1",83.08627961
"Lcu.2RBY.Chr1p32256346","LG1",84.40444462
"Lcu.2RBY.Chr1p28728696","LG1",85.05665553
"Lcu.2RBY.Chr1p52008310","LG1",89.30278585
"Lcu.2RBY.Chr1p42925261","LG1",93.23402133
"Lcu.2RBY.Chr1p44500896","LG1",94.2802946
"Lcu.2RBY.Chr1p54684795","LG1",95.04270817
"Lcu.2RBY.Chr1p65364557","LG1",96.53469673
"Lcu.2RBY.Chr1p147114250","LG1",97.29711029
"Lcu.2RBY.Chr1p60466237","LG1",98.77844675
"Lcu.2RBY.Chr1p130754957","LG1",99.82472002
"Lcu.2RBY.Chr1p114068927","LG1",103.9066733
"Lcu.2RBY.Chr1p181613824","LG1",108.4717455
"Lcu.2RBY.Chr1p171059772","LG1",108.9608916
"Lcu.2RBY.Chr1p285343788","LG1",109.2869832
"Lcu.2RBY.Chr1p162088902","LG1",109.7761292
"Lcu.2RBY.Chr1p187190562","LG1",110.2652752
"Lcu.2RBY.Chr1p178070494","LG1",111.0276888
"Lcu.2RBY.Chr1p69321402","LG1",111.7901024
"Lcu.2RBY.Chr1p295601592","LG1",113.4047027
"Lcu.2RBY.Chr1p93277477","LG1",115.1825344
"Lcu.2RBY.Chr7p367575037","LG1",129.9185419
"Lcu.2RBY.Chr1p165492503","LG1",145.4012518
"Lcu.2RBY.Chr1p153824921","LG1",145.7273434
"Lcu.2RBY.Chr1p276735808","LG1",146.0534349
"Lcu.2RBY.Chr1p272408398","LG1",146.3795265
"Lcu.2RBY.Chr1p74465482","LG1",146.5425706
"Lcu.2RBY.Chr1p292712483","LG1",147.4257395
"Lcu.2RBY.Chr1p309984709","LG1",149.0403398
"Lcu.2RBY.Chr1p304760166","LG1",149.3664314
"Lcu.2RBY.Chr1p304942633","LG1",149.9657711
"Lcu.2RBY.Chr1p304178854","LG1",151.2945863
"Lcu.2RBY.Chr1p318212130","LG1",152.1702133
"Lcu.2RBY.Chr1p316665080","LG1",153.4883783
"Lcu.2RBY.Chr1p312398991","LG1",154.087718
"Lcu.2RBY.Chr1p312776322","LG1",154.5783491
"Lcu.2RBY.Chr1p319082647","LG1",155.787749
"Lcu.2RBY.Chr1p328771782","LG1",157.1165642
"Lcu.2RBY.Chr1p333487237","LG1",157.7159039
"Lcu.2RBY.Chr1p333340775","LG1",158.3695999
"Lcu.2RBY.Chr1p326461661","LG1",159.8210033
"Lcu.2RBY.Chr1p338454963","LG1",160.3116344
"Lcu.2RBY.Chr1p336979156","LG1",160.747913
"Lcu.2RBY.Chr1p338639806","LG1",161.4604553
"Lcu.2RBY.Chr1p334081607","LG1",161.8967339
"Lcu.2RBY.Chr1p329990111","LG1",163.9637386
"Lcu.2RBY.Chr1p339313143","LG1",165.4450751
"Lcu.2RBY.Chr1p345062585","LG1",167.3317485
"Lcu.2RBY.Chr1p352496924","LG1",168.6499135
"Lcu.2RBY.Chr1p353883236","LG1",169.6886439
"Lcu.2RBY.Chr1p354696773","LG1",170.4510574
"Lcu.2RBY.Chr1p350728249","LG1",172.1915011
"Lcu.2RBY.Chr1p345393410","LG1",173.8061015
"Lcu.2RBY.Chr1p352278748","LG1",175.29809
"Lcu.2RBY.Chr1p356404922","LG1",177.0215072
"Lcu.2RBY.Chr1p355768105","LG1",179.088512
"Lcu.2RBY.Chr1p358981022","LG1",181.1555167
"Lcu.2RBY.Chr1p361269456","LG1",182.5931108
"Lcu.2RBY.Chr1p361338516","LG1",184.3709424
"Lcu.2RBY.Chr1p363038987","LG1",186.3120433
"Lcu.2RBY.Chr1p363164214","LG1",187.0744569
"Lcu.2RBY.Chr1p364265483","LG1",187.7869992
"Lcu.2RBY.Chr1p364948068","LG1",188.8332724
"Lcu.2RBY.Chr1p366320966","LG1",189.9882941
"Lcu.2RBY.Chr1p370710672","LG1",191.0270245
"Lcu.2RBY.Chr1p380570847","LG1",191.6263642
"Lcu.2RBY.Chr1p377069905","LG1",192.3887777
"Lcu.2RBY.Chr1p379660947","LG1",192.7148693
"Lcu.2RBY.Chr1p380377719","LG1",193.0424459
"Lcu.2RBY.Chr1p382525860","LG1",194.4394573
"Lcu.2RBY.Chr1p374378969","LG1",194.98893
"Lcu.2RBY.Chr1p381628910","LG1",195.2621568
"Lcu.2RBY.Chr3p329133444","LG1",197.0172632
"Lcu.2RBY.Chr1p376463646","LG1",202.8451429
"Lcu.2RBY.Chr1p386634894","LG1",208.612581
"Lcu.2RBY.Chr1p388174002","LG1",210.8087848
"Lcu.2RBY.Chr1p388581680","LG1",211.2450634
"Lcu.2RBY.Chr1p392051782","LG1",212.8596637
"Lcu.2RBY.Chr1p391856259","LG1",213.1872403
"Lcu.2RBY.Chr1p395659604","LG1",213.9541422
"Lcu.2RBY.Chr1p400612253","LG1",215.0004155
"Lcu.2RBY.Chr1p398483690","LG1",216.6864475
"Lcu.2RBY.Chr1p398203004","LG1",217.7977416
"Lcu.2RBY.Chr1p390188273","LG1",219.249145
"Lcu.2RBY.Chr1p394560094","LG1",220.2954183
"Lcu.2RBY.Chr1p400050804","LG1",221.5048181
"Lcu.2RBY.Chr1p402939951","LG1",222.706674
"Lcu.2RBY.Chr1p407322978","LG1",225.06626
"Lcu.2RBY.Chr1p414012979","LG1",226.1775541
"Lcu.2RBY.Chr1p411780762","LG1",226.5051306
"Lcu.2RBY.Chr1p418372134","LG1",228.119731
"Lcu.2RBY.Chr1p418594676","LG1",228.995358
"Lcu.2RBY.Chr1p420930457","LG1",231.0997695
"Lcu.2RBY.Chr1p420224897","LG1",234.8839953
"Lcu.2RBY.Chr1p419928502","LG1",236.0933952
"Lcu.2RBY.Chr1p425565878","LG1",242.1973999
"Lcu.2RBY.Chr1p426633026","LG1",245.3163459
"Lcu.2RBY.Chr1p426886242","LG1",247.9720023
"Lcu.2RBY.Chr1p427514530","LG1",249.4639909
"Lcu.2RBY.Chr1p427630348","LG1",250.1765332
"Lcu.2RBY.Chr1p432648218","LG1",253.4351369
"Lcu.2RBY.Chr1p432399607","LG1",254.1975504
"Lcu.2RBY.Chr1p433651867","LG1",254.959964
"Lcu.2RBY.Chr1p433514380","LG1",255.835591
"Lcu.2RBY.Chr1p437823351","LG1",257.2731851
"Lcu.2RBY.Chr1p437150690","LG1",258.0355987
"Lcu.2RBY.Chr1p436425170","LG1",259.3537637
"Lcu.2RBY.Chr1p435336685","LG1",261.4207684
"Lcu.2RBY.Chr1p430641243","LG1",262.8583625
"Lcu.2RBY.Chr1p433783523","LG1",263.7339895
"Lcu.2RBY.Chr1p434194269","LG1",264.8270924
"Lcu.2RBY.Chr1p434302476","LG1",265.3162385
"Lcu.2RBY.Chr1p437165189","LG1",266.9170267
"Lcu.2RBY.Chr1p438820718","LG1",267.6250807
"Lcu.2RBY.Chr1p439152601","LG1",268.1142267
"Lcu.2RBY.Chr1p440029018","LG1",269.4430419
"Lcu.2RBY.Chr1p439888093","LG1",270.8944453
"Lcu.2RBY.Chr1p441732889","LG1",273.3866257
"Lcu.2RBY.Chr1p442117485","LG1",273.8772568
"Lcu.2RBY.Chr1p445044916","LG1",275.3286602
"Lcu.2RBY.Chr1p445237480","LG1",275.6562367
"Lcu.2RBY.Chr1p444089935","LG1",275.6562367
"Lcu.2RBY.Chr1p446895597","LG1",275.9838133
"Lcu.2RBY.Chr1p449855007","LG1",276.587641
"Lcu.2RBY.Chr1p461391310","LG1",276.8608678
"Lcu.2RBY.Chr1p455924625","LG1",277.1869594
"Lcu.2RBY.Chr1p465264843","LG1",278.0625864
"Lcu.2RBY.Chr1p461970036","LG1",278.7751286
"Lcu.2RBY.Chr1p463355694","LG1",278.9381727
"Lcu.2RBY.Chr1p460410128","LG1",280.8418766
"Lcu.2RBY.Chr1p451270445","LG1",281.1694532
"Lcu.2RBY.Chr1p469892967","LG1",282.5664646
"Lcu.2RBY.Chr1p469735420","LG1",283.1159373
"Lcu.2RBY.Chr1p468311279","LG1",285.3902318
"Lcu.2RBY.Chr1p469746675","LG1",285.7178083
"Lcu.2RBY.Chr1p484210479","LG1",286.6009773
"Lcu.2RBY.Chr1p475187110","LG1",286.9285538
"Lcu.2RBY.Chr1p481586805","LG1",288.3799572
"Lcu.2RBY.Chr1p491368122","LG1",290.6542517
"Lcu.2RBY.Chr1p487990629","LG1",293.200918
"Lcu.2RBY.Chr1p486339834","LG1",293.4183107
"Lcu.2RBY.Chr1p488443168","LG1",293.6915374
"Lcu.2RBY.Chr1p494382600","LG1",295.0885489
"Lcu.2RBY.Chr1p496811443","LG1",295.6380215
"Lcu.2RBY.Chr1p501087949","LG1",297.6164546
"Lcu.2RBY.Chr1p502688711","LG1",299.013466
"Lcu.2RBY.Chr1p497614122","LG1",300.699498
"Lcu.2RBY.Chr1p498684189","LG1",302.0965095
"Lcu.2RBY.Chr1p502352334","LG1",303.4253247
"Lcu.2RBY.Chr1p501862366","LG1",304.1922267
"Lcu.2RBY.Chr1p504914518","LG1",309.7453291
"Lcu.2RBY.Chr1p504971933","LG1",315.5285575
"Lcu.2RBY.Chr1p504002135","LG1",316.3573626
"Lcu.2RBY.Chr1p503395053","LG1",316.6305894
"Lcu.2RBY.Chr1p500202332","LG1",317.7962595
"Lcu.2RBY.Chr1p503704954","LG1",318.2868906
"Lcu.2RBY.Chr1p506457575","LG1",319.3331638
"Lcu.2RBY.Chr1p507158132","LG1",320.1000658
"Lcu.2RBY.Chr1p508254144","LG1",320.8126081
"Lcu.2RBY.Chr1p508671775","LG1",321.0300008
"Lcu.2RBY.Chr1p511952958","LG1",322.076274
"Lcu.2RBY.Chr1p512587594","LG1",323.0062666
"Lcu.2RBY.Chr1p514510396","LG1",323.8894355
"Lcu.2RBY.Chr1p515680063","LG1",324.2170121
"Lcu.2RBY.Chr1p515346621","LG1",325.100181
"Lcu.2RBY.Chr1p515752975","LG1",326.5515844
"Lcu.2RBY.Chr1p519579166","LG1",330.9522989
"Lcu.2RBY.Chr1p520230982","LG1",331.8822915
"Lcu.2RBY.Chr1p521100153","LG1",332.4861192
"Lcu.2RBY.Chr1p521341737","LG1",332.8136958
"Lcu.2RBY.Chr1p519858198","LG1",334.4282961
"Lcu.2RBY.Chr1p522848816","LG1",336.332
"Lcu.2RBY.Chr1p522420652","LG1",337.6608152
"Lcu.2RBY.Chr1p522486365","LG1",337.8238593
"Lcu.2RBY.Chr1p522418166","LG1",338.9895293
"Lcu.2RBY.Chr1p523699054","LG1",341.3727555
"Lcu.2RBY.Chr1p525007224","LG1",342.2559244
"Lcu.2RBY.Chr1p525704146","LG1",343.0847296
"Lcu.2RBY.Chr1p528008169","LG1",349.728314
"Lcu.2RBY.Chr1p529321823","LG1",351.7611823
"Lcu.2RBY.Chr1p530222903","LG1",353.828187
"Lcu.2RBY.Chr1p529726092","LG1",356.9776481
"Lcu.2RBY.Chr1p529348482","LG1",357.5814758
"Lcu.2RBY.Chr1p530708051","LG1",360.8741136
"Lcu.2RBY.Chr1p531156110","LG1",361.7029188
"Lcu.2RBY.Chr1p531306517","LG1",363.0999302
"Lcu.2RBY.Chr1p532438544","LG1",365.1872387
"Lcu.2RBY.Chr1p532630709","LG1",366.0704077
"Lcu.2RBY.Chr1p533962609","LG1",367.2360777
"Lcu.2RBY.Chr1p535734037","LG1",369.9187733
"Lcu.2RBY.Chr1p536637599","LG1",370.9650465
"Lcu.2RBY.Chr1p537785583","LG1",385.2223503
"Lcu.2RBY.Chr1p535793448","LG1",396.3072056
"Lcu.2RBY.Chr7p293983100","LG1",410.5645094
"Lcu.2RBY.Chr3p6944518","LG2",0
"Lcu.2RBY.Chr3p4665768","LG2",5.050753431
"Lcu.2RBY.Chr3p4519819","LG2",6.791197116
"Lcu.2RBY.Chr3p4714212","LG2",7.444893185
"Lcu.2RBY.Chr3p6540129","LG2",9.641096926
"Lcu.2RBY.Chr3p11455367","LG2",15.41439178
"Lcu.2RBY.Chr3p10503476","LG2",15.74048336
"Lcu.2RBY.Chr3p15116300","LG2",19.21746647
"Lcu.2RBY.Chr3p15250026","LG2",21.32187797
"Lcu.2RBY.Chr3p21417419","LG2",24.41677901
"Lcu.2RBY.Chr3p23089347","LG2",28.18400266
"Lcu.2RBY.Chr3p23396889","LG2",29.798603
"Lcu.2RBY.Chr3p30298140","LG2",31.99480674
"Lcu.2RBY.Chr3p32607706","LG2",34.48698711
"Lcu.2RBY.Chr3p32819889","LG2",36.97916748
"Lcu.2RBY.Chr3p34679023","LG2",40.58246018
"Lcu.2RBY.Chr3p38266112","LG2",43.73192124
"Lcu.2RBY.Chr3p54265229","LG2",45.79892599
"Lcu.2RBY.Chr3p58122027","LG2",47.29091455
"Lcu.2RBY.Chr3p63679693","LG2",48.61972972
"Lcu.2RBY.Chr3p67402047","LG2",49.7853998
"Lcu.2RBY.Chr3p61551223","LG2",51.2368032
"Lcu.2RBY.Chr3p57037613","LG2",51.56437976
"Lcu.2RBY.Chr3p55485240","LG2",51.89195631
"Lcu.2RBY.Chr3p56357578","LG2",52.44142898
"Lcu.2RBY.Chr3p45919893","LG2",54.21926065
"Lcu.2RBY.Chr3p51727083","LG2",55.14925321
"Lcu.2RBY.Chr3p72132123","LG2",57.53247932
"Lcu.2RBY.Chr3p73277060","LG2",60.51828227
"Lcu.2RBY.Chr3p74793162","LG2",61.68395235
"Lcu.2RBY.Chr3p77676313","LG2",61.68395235
"Lcu.2RBY.Chr3p75685699","LG2",62.01004393
"Lcu.2RBY.Chr3p81239497","LG2",63.16506557
"Lcu.2RBY.Chr3p80811570","LG2",64.04069258
"Lcu.2RBY.Chr3p78475521","LG2",65.19571423
"Lcu.2RBY.Chr3p87223318","LG2",66.51387925
"Lcu.2RBY.Chr3p111009088","LG2",67.27629281
"Lcu.2RBY.Chr3p104882091","LG2",68.03870637
"Lcu.2RBY.Chr3p106774037","LG2",68.52933747
"Lcu.2RBY.Chr3p125822017","LG2",69.29175103
"Lcu.2RBY.Chr3p139279940","LG2",70.49360691
"Lcu.2RBY.Chr3p134573752","LG2",71.5323373
"Lcu.2RBY.Chr3p130484488","LG2",72.131677
"Lcu.2RBY.Chr3p116087237","LG2",72.73101671
"Lcu.2RBY.Chr3p128887570","LG2",73.22016275
"Lcu.2RBY.Chr3p131571621","LG2",73.70930879
"Lcu.2RBY.Chr3p115325511","LG2",74.03688534
"Lcu.2RBY.Chr3p115324866","LG2",74.1999294
"Lcu.2RBY.Chr3p142448164","LG2",75.07555641
"Lcu.2RBY.Chr3p143966438","LG2",75.67489611
"Lcu.2RBY.Chr3p157597378","LG2",76.72116938
"Lcu.2RBY.Chr3p170040719","LG2",77.21180048
"Lcu.2RBY.Chr3p159651739","LG2",77.70243157
"Lcu.2RBY.Chr3p165065612","LG2",77.86547563
"Lcu.2RBY.Chr3p153020056","LG2",78.19156721
"Lcu.2RBY.Chr3p181873896","LG2",79.62916128
"Lcu.2RBY.Chr3p177494396","LG2",80.50478829
"Lcu.2RBY.Chr3p150046188","LG2",81.3804153
"Lcu.2RBY.Chr3p155874772","LG2",81.54345936
"Lcu.2RBY.Chr3p154641752","LG2",81.70650342
"Lcu.2RBY.Chr3p162930968","LG2",82.03407997
"Lcu.2RBY.Chr3p156565831","LG2",87.92749281
"Lcu.2RBY.Chr4p365646171","LG2",94.62379296
"Lcu.2RBY.Chr3p175443620","LG2",96.23560424
"Lcu.2RBY.Chr3p171605678","LG2",97.7275928
"Lcu.2RBY.Chr3p149845783","LG2",98.61076175
"Lcu.2RBY.Chr3p149927343","LG2",98.93833831
"Lcu.2RBY.Chr3p152781380","LG2",99.26442989
"Lcu.2RBY.Chr3p150196530","LG2",99.59052147
"Lcu.2RBY.Chr3p171119343","LG2",99.91809802
"Lcu.2RBY.Chr3p179250289","LG2",100.801267
"Lcu.2RBY.Chr3p177400785","LG2",101.5636805
"Lcu.2RBY.Chr3p176128185","LG2",102.3260941
"Lcu.2RBY.Chr3p181032517","LG2",103.209263
"Lcu.2RBY.Chr3p189169377","LG2",103.8130908
"Lcu.2RBY.Chr3p212354989","LG2",106.63228
"Lcu.2RBY.Chr3p203076645","LG2",109.4514693
"Lcu.2RBY.Chr3p199818273","LG2",109.9421004
"Lcu.2RBY.Chr3p194026403","LG2",111.434089
"Lcu.2RBY.Chr3p189998911","LG2",111.7601805
"Lcu.2RBY.Chr3p315883630","LG2",114.034475
"Lcu.2RBY.Chr3p216553822","LG2",116.7446359
"Lcu.2RBY.Chr3p218240971","LG2",117.3439756
"Lcu.2RBY.Chr3p218273348","LG2",117.6700672
"Lcu.2RBY.Chr3p222793331","LG2",118.5456942
"Lcu.2RBY.Chr3p222641821","LG2",119.1450339
"Lcu.2RBY.Chr3p222545477","LG2",120.0206609
"Lcu.2RBY.Chr3p227387901","LG2",121.0593913
"Lcu.2RBY.Chr3p229724499","LG2",121.5485373
"Lcu.2RBY.Chr3p240974910","LG2",122.5872677
"Lcu.2RBY.Chr3p240623822","LG2",123.0764138
"Lcu.2RBY.Chr3p234193585","LG2",126.3896004
"Lcu.2RBY.Chr3p236008157","LG2",129.1813177
"Lcu.2RBY.Chr3p234423872","LG2",129.8938599
"Lcu.2RBY.Chr3p234434055","LG2",130.3301385
"Lcu.2RBY.Chr3p230295656","LG2",131.0426808
"Lcu.2RBY.Chr3p227365744","LG2",131.2057248
"Lcu.2RBY.Chr3p226605238","LG2",131.3687689
"Lcu.2RBY.Chr3p228638608","LG2",131.6948605
"Lcu.2RBY.Chr3p229090331","LG2",132.020952
"Lcu.2RBY.Chr3p229347918","LG2",132.5100981
"Lcu.2RBY.Chr3p233863303","LG2",133.2181521
"Lcu.2RBY.Chr3p234855696","LG2",133.7072981
"Lcu.2RBY.Chr3p237409412","LG2",134.1435767
"Lcu.2RBY.Chr3p243566616","LG2",134.9059903
"Lcu.2RBY.Chr3p242337436","LG2",135.3951363
"Lcu.2RBY.Chr3p245844691","LG2",136.4338667
"Lcu.2RBY.Chr3p245844285","LG2",137.3593703
"Lcu.2RBY.Chr3p245693102","LG2",138.1217839
"Lcu.2RBY.Chr3p243485722","LG2",138.8841975
"Lcu.2RBY.Chr3p252307278","LG2",139.4835372
"Lcu.2RBY.Chr3p250875254","LG2",140.685393
"Lcu.2RBY.Chr3p247001350","LG2",142.1667295
"Lcu.2RBY.Chr3p252970917","LG2",143.3761294
"Lcu.2RBY.Chr3p253866772","LG2",144.5855292
"Lcu.2RBY.Chr3p254482700","LG2",146.3633609
"Lcu.2RBY.Chr3p256223482","LG2",147.4096342
"Lcu.2RBY.Chr3p257073093","LG2",147.9002653
"Lcu.2RBY.Chr3p255981757","LG2",148.7834342
"Lcu.2RBY.Chr3p258044646","LG2",150.1122494
"Lcu.2RBY.Chr3p271699616","LG2",160.7824856
"Lcu.2RBY.Chr3p272847876","LG2",167.9473376
"Lcu.2RBY.Chr3p275356609","LG2",168.7142396
"Lcu.2RBY.Chr3p276120087","LG2",169.2637123
"Lcu.2RBY.Chr3p276204776","LG2",170.1468812
"Lcu.2RBY.Chr3p273735180","LG2",171.802075
"Lcu.2RBY.Chr3p277331146","LG2",174.3250936
"Lcu.2RBY.Chr3p279400622","LG2",175.6539088
"Lcu.2RBY.Chr3p283868522","LG2",177.026461
"Lcu.2RBY.Chr3p284902097","LG2",178.0651914
"Lcu.2RBY.Chr3p282678882","LG2",179.220213
"Lcu.2RBY.Chr3p282666876","LG2",180.3752347
"Lcu.2RBY.Chr3p280132113","LG2",181.989835
"Lcu.2RBY.Chr3p284801360","LG2",183.1555051
"Lcu.2RBY.Chr3p286202265","LG2",183.4830816
"Lcu.2RBY.Chr3p289857948","LG2",184.6924815
"Lcu.2RBY.Chr3p289779032","LG2",185.0185731
"Lcu.2RBY.Chr3p290063429","LG2",186.0573035
"Lcu.2RBY.Chr3p290160672","LG2",186.9828071
"Lcu.2RBY.Chr3p291232065","LG2",188.6380008
"Lcu.2RBY.Chr3p294143889","LG2",189.5679934
"Lcu.2RBY.Chr3p295335965","LG2",191.3458251
"Lcu.2RBY.Chr3p302769634","LG2",194.1650143
"Lcu.2RBY.Chr3p304339474","LG2",196.395364
"Lcu.2RBY.Chr3p305687245","LG2",203.7594357
"Lcu.2RBY.Chr3p306201516","LG2",210.2046482
"Lcu.2RBY.Chr3p308061582","LG2",212.400852
"Lcu.2RBY.Chr3p308666568","LG2",214.0016402
"Lcu.2RBY.Chr3p313212073","LG2",216.9844226
"Lcu.2RBY.Chr3p315542235","LG2",219.640079
"Lcu.2RBY.Chr3p318080790","LG2",220.6788094
"Lcu.2RBY.Chr3p316958954","LG2",221.1679555
"Lcu.2RBY.Chr3p319945798","LG2",223.0716594
"Lcu.2RBY.Chr3p320082270","LG2",224.4004746
"Lcu.2RBY.Chr3p326334626","LG2",228.8108733
"Lcu.2RBY.Chr3p325941425","LG2",232.9062051
"Lcu.2RBY.Chr3p325426338","LG2",234.2243701
"Lcu.2RBY.Chr3p323608875","LG2",234.9867837
"Lcu.2RBY.Chr3p330475632","LG2",236.7646154
"Lcu.2RBY.Chr3p331932247","LG2",238.2459518
"Lcu.2RBY.Chr3p335049310","LG2",239.9011456
"Lcu.2RBY.Chr3p334855546","LG2",240.3902916
"Lcu.2RBY.Chr3p335731739","LG2",241.429022
"Lcu.2RBY.Chr3p336605291","LG2",243.0298103
"Lcu.2RBY.Chr3p333734967","LG2",245.096815
"Lcu.2RBY.Chr3p332372599","LG2",245.5874461
"Lcu.2RBY.Chr3p331712991","LG2",246.4630731
"Lcu.2RBY.Chr3p328285901","LG2",248.2815073
"Lcu.2RBY.Chr3p330642373","LG2",249.1571343
"Lcu.2RBY.Chr3p330214819","LG2",249.8696765
"Lcu.2RBY.Chr3p330753323","LG2",250.3059551
"Lcu.2RBY.Chr3p331922434","LG2",250.9052948
"Lcu.2RBY.Chr3p332730161","LG2",251.6677084
"Lcu.2RBY.Chr3p335742008","LG2",253.2684967
"Lcu.2RBY.Chr3p338577464","LG2",255.3729082
"Lcu.2RBY.Chr3p339695738","LG2",255.9722479
"Lcu.2RBY.Chr3p345089149","LG2",258.6279043
"Lcu.2RBY.Chr3p344962771","LG2",260.1198929
"Lcu.2RBY.Chr3p344862636","LG2",260.7192326
"Lcu.2RBY.Chr3p346145488","LG2",262.7862373
"Lcu.2RBY.Chr3p346307063","LG2",264.5096545
"Lcu.2RBY.Chr3p348005879","LG2",265.5483849
"Lcu.2RBY.Chr3p348979023","LG2",266.3152869
"Lcu.2RBY.Chr3p349234202","LG2",267.4083898
"Lcu.2RBY.Chr3p356603880","LG2",269.0091781
"Lcu.2RBY.Chr3p356646118","LG2",271.0761828
"Lcu.2RBY.Chr3p350919014","LG2",272.3943478
"Lcu.2RBY.Chr3p357928219","LG2",273.1567614
"Lcu.2RBY.Chr3p358248247","LG2",275.3529651
"Lcu.2RBY.Chr3p353861374","LG2",277.4199699
"Lcu.2RBY.Chr3p359391315","LG2",280.0756263
"Lcu.2RBY.Chr3p360895196","LG2",280.9512533
"Lcu.2RBY.Chr3p360469431","LG2",284.1007144
"Lcu.2RBY.Chr3p368824346","LG2",287.5571396
"Lcu.2RBY.Chr3p371453747","LG2",291.1774263
"Lcu.2RBY.Chr3p370578058","LG2",296.4478954
"Lcu.2RBY.Chr3p366981110","LG2",302.9072389
"Lcu.2RBY.Chr3p374036012","LG2",305.1034426
"Lcu.2RBY.Chr3p375622739","LG2",306.4322578
"Lcu.2RBY.Chr3p376704855","LG2",308.9789241
"Lcu.2RBY.Chr3p376119087","LG2",311.9647271
"Lcu.2RBY.Chr3p376094778","LG2",312.1277711
"Lcu.2RBY.Chr3p379162295","LG2",314.9194884
"Lcu.2RBY.Chr3p379144622","LG2",316.8231924
"Lcu.2RBY.Chr3p382219443","LG2",317.3138235
"Lcu.2RBY.Chr3p381171024","LG2",318.805812
"Lcu.2RBY.Chr3p383091815","LG2",319.681439
"Lcu.2RBY.Chr3p386087283","LG2",322.3370955
"Lcu.2RBY.Chr3p386070016","LG2",327.2252618
"Lcu.2RBY.Chr3p348988296","LG2",336.302861
"Lcu.2RBY.Chr3p387900265","LG2",340.7035754
"Lcu.2RBY.Chr3p389159755","LG2",341.8692455
"Lcu.2RBY.Chr3p391362105","LG2",343.9021139
"Lcu.2RBY.Chr3p396808567","LG2",346.0983176
"Lcu.2RBY.Chr3p397170659","LG2",346.5889487
"Lcu.2RBY.Chr3p394267116","LG2",348.203549
"Lcu.2RBY.Chr3p396762364","LG2",349.2498223
"Lcu.2RBY.Chr3p395182820","LG2",349.85365
"Lcu.2RBY.Chr3p399590133","LG2",351.5940937
"Lcu.2RBY.Chr3p399688129","LG2",353.3345374
"Lcu.2RBY.Chr3p401051347","LG2",354.5002075
"Lcu.2RBY.Chr3p401234182","LG2",354.8262991
"Lcu.2RBY.Chr3p401074718","LG2",355.1523906
"Lcu.2RBY.Chr3p402658566","LG2",357.2396991
"Lcu.2RBY.Chr3p403330790","LG2",357.5129259
"Lcu.2RBY.Chr3p402622431","LG2",358.62422
"Lcu.2RBY.Chr3p402861948","LG2",358.8974467
"Lcu.2RBY.Chr3p404876917","LG2",359.2250233
"Lcu.2RBY.Chr3p406899139","LG2",362.0712613
"Lcu.2RBY.Chr3p410534005","LG2",365.5276865
"Lcu.2RBY.Chr3p413250458","LG2",368.5134895
"Lcu.2RBY.Chr3p413475454","LG2",368.5134895
"Lcu.2RBY.Chr3p413860329","LG2",369.9648929
"Lcu.2RBY.Chr3p414505357","LG2",371.4162963
"Lcu.2RBY.Chr3p415071050","LG2",372.5819663
"Lcu.2RBY.Chr3p415842378","LG2",373.9107815
"Lcu.2RBY.Chr3p416426004","LG2",376.593477
"Lcu.2RBY.Chr3p417537469","LG2",376.9210536
"Lcu.2RBY.Chr3p419277993","LG2",384.2796254
"Lcu.2RBY.Chr3p421500186","LG2",389.3303789
"Lcu.2RBY.Chr3p420933301","LG2",390.3766521
"Lcu.2RBY.Chr3p424854889","LG2",394.1438758
"Lcu.2RBY.Chr3p423106802","LG2",394.6933484
"Lcu.2RBY.Chr3p421885053","LG2",395.9027483
"Lcu.2RBY.Chr3p423383601","LG2",396.5564444
"Lcu.2RBY.Chr3p426261315","LG2",398.1710447
"Lcu.2RBY.Chr3p426917746","LG2",403.2217981
"Lcu.2RBY.Chr3p426950597","LG2",408.3295355
"Lcu.2RBY.Chr3p427473734","LG2",410.2162088
"Lcu.2RBY.Chr3p428545108","LG2",413.1715089
"Lcu.2RBY.Chr3p429533192","LG2",414.9119525
"Lcu.2RBY.Chr3p429701895","LG2",414.9119525
"Lcu.2RBY.Chr3p429211465","LG2",417.4586189
"Lcu.2RBY.Chr3p429021526","LG2",419.3623228
"Lcu.2RBY.Chr4p1143877","LG3",0
"Lcu.2RBY.Chr4p191703","LG3",0.489146039
"Lcu.2RBY.Chr4p909603","LG3",0.815237619
"Lcu.2RBY.Chr4p1679490","LG3",2.416025881
"Lcu.2RBY.Chr4p2101347","LG3",5.534971835
"Lcu.2RBY.Chr4p3192228","LG3",11.0822233
"Lcu.2RBY.Chr4p2953225","LG3",13.14922804
"Lcu.2RBY.Chr4p3546376","LG3",14.02485505
"Lcu.2RBY.Chr4p3373970","LG3",14.90048206
"Lcu.2RBY.Chr4p3822862","LG3",17.55613851
"Lcu.2RBY.Chr4p4329495","LG3",18.87430353
"Lcu.2RBY.Chr4p5643552","LG3",24.97830828
"Lcu.2RBY.Chr4p6647281","LG3",31.95406672
"Lcu.2RBY.Chr4p7219629","LG3",41.02670406
"Lcu.2RBY.Chr4p9252417","LG3",49.12136799
"Lcu.2RBY.Chr4p9438021","LG3",55.23532185
"Lcu.2RBY.Chr4p10856366","LG3",65.72462494
"Lcu.2RBY.Chr4p11424159","LG3",66.32396464
"Lcu.2RBY.Chr4p11869636","LG3",66.92330435
"Lcu.2RBY.Chr4p11896675","LG3",68.41529291
"Lcu.2RBY.Chr4p27931699","LG3",70.77487891
"Lcu.2RBY.Chr4p24542775","LG3",71.26402495
"Lcu.2RBY.Chr4p23559823","LG3",71.48141762
"Lcu.2RBY.Chr4p29505516","LG3",72.42693685
"Lcu.2RBY.Chr4p23406633","LG3",77.31510313
"Lcu.2RBY.Chr4p19307930","LG3",81.08232678
"Lcu.2RBY.Chr4p20870747","LG3",92.16718209
"Lcu.2RBY.Chr4p136003235","LG3",103.2520374
"Lcu.2RBY.Chr4p32726991","LG3",106.8553301
"Lcu.2RBY.Chr4p34300046","LG3",107.9016034
"Lcu.2RBY.Chr4p35459779","LG3",108.9478766
"Lcu.2RBY.Chr4p36156751","LG3",110.2766918
"Lcu.2RBY.Chr4p39077504","LG3",115.7120804
"Lcu.2RBY.Chr4p38237013","LG3",118.2350991
"Lcu.2RBY.Chr4p46513933","LG3",119.2813723
"Lcu.2RBY.Chr4p42314053","LG3",120.4470424
"Lcu.2RBY.Chr4p54502947","LG3",121.939031
"Lcu.2RBY.Chr4p71791382","LG3",122.5383707
"Lcu.2RBY.Chr4p66492312","LG3",122.8644623
"Lcu.2RBY.Chr4p63285995","LG3",124.1932774
"Lcu.2RBY.Chr4p118773380","LG3",125.8078778
"Lcu.2RBY.Chr4p104690862","LG3",126.1354543
"Lcu.2RBY.Chr4p76907271","LG3",126.4630309
"Lcu.2RBY.Chr4p149423290","LG3",129.7556686
"Lcu.2RBY.Chr4p144708824","LG3",133.2120938
"Lcu.2RBY.Chr4p84146865","LG3",133.8114335
"Lcu.2RBY.Chr4p82149948","LG3",134.4651296
"Lcu.2RBY.Chr4p147654072","LG3",134.7927062
"Lcu.2RBY.Chr4p107126923","LG3",134.9557502
"Lcu.2RBY.Chr4p116754031","LG3",135.3920288
"Lcu.2RBY.Chr4p82818953","LG3",135.8826599
"Lcu.2RBY.Chr4p156328333","LG3",136.2102365
"Lcu.2RBY.Chr4p167369665","LG3",136.537813
"Lcu.2RBY.Chr4p206043209","LG3",137.1416407
"Lcu.2RBY.Chr4p200250023","LG3",137.3046848
"Lcu.2RBY.Chr4p201061845","LG3",137.4677289
"Lcu.2RBY.Chr4p195573410","LG3",140.4535318
"Lcu.2RBY.Chr4p226931366","LG3",142.8367579
"Lcu.2RBY.Chr4p228164126","LG3",144.2881613
"Lcu.2RBY.Chr4p230738178","LG3",144.505554
"Lcu.2RBY.Chr4p212270626","LG3",144.9961851
"Lcu.2RBY.Chr4p210065672","LG3",145.2135777
"Lcu.2RBY.Chr4p216130699","LG3",145.4868045
"Lcu.2RBY.Chr4p197046010","LG3",146.883816
"Lcu.2RBY.Chr4p200655170","LG3",148.569848
"Lcu.2RBY.Chr4p128094554","LG3",150.6571565
"Lcu.2RBY.Chr4p153492366","LG3",159.5102994
"Lcu.2RBY.Chr4p142678238","LG3",168.7515102
"Lcu.2RBY.Chr4p135084478","LG3",168.9145543
"Lcu.2RBY.Chr4p124954943","LG3",169.0775983
"Lcu.2RBY.Chr4p59845554","LG3",169.6814261
"Lcu.2RBY.Chr4p54096018","LG3",170.2852538
"Lcu.2RBY.Chr4p107769234","LG3",172.0256975
"Lcu.2RBY.Chr4p79340279","LG3",173.3545127
"Lcu.2RBY.Chr4p77455389","LG3",173.5719053
"Lcu.2RBY.Chr4p143673700","LG3",174.1757331
"Lcu.2RBY.Chr4p94247834","LG3",174.1757331
"Lcu.2RBY.Chr4p84121849","LG3",174.3387771
"Lcu.2RBY.Chr4p128095766","LG3",174.8294082
"Lcu.2RBY.Chr4p108984983","LG3",175.4287479
"Lcu.2RBY.Chr4p159758651","LG3",176.0280876
"Lcu.2RBY.Chr4p170988077","LG3",176.4643662
"Lcu.2RBY.Chr4p172554629","LG3",176.6817589
"Lcu.2RBY.Chr4p203877567","LG3",177.5105641
"Lcu.2RBY.Chr4p215558386","LG3",178.2774661
"Lcu.2RBY.Chr4p231856849","LG3",178.7137446
"Lcu.2RBY.Chr4p245978206","LG3",180.0425598
"Lcu.2RBY.Chr4p245201595","LG3",180.6463876
"Lcu.2RBY.Chr4p242120896","LG3",182.3868312
"Lcu.2RBY.Chr4p241571131","LG3",183.2156364
"Lcu.2RBY.Chr4p243778031","LG3",184.3813065
"Lcu.2RBY.Chr4p243784562","LG3",184.5443506
"Lcu.2RBY.Chr4p255003641","LG3",184.9806291
"Lcu.2RBY.Chr4p246002390","LG3",185.1436732
"Lcu.2RBY.Chr4p247557054","LG3",185.3610659
"Lcu.2RBY.Chr4p249776212","LG3",185.3610659
"Lcu.2RBY.Chr4p279851603","LG3",186.2442348
"Lcu.2RBY.Chr4p285539113","LG3",187.1274038
"Lcu.2RBY.Chr4p290960694","LG3",187.6180349
"Lcu.2RBY.Chr4p290245884","LG3",187.9441264
"Lcu.2RBY.Chr4p301806167","LG3",189.1535263
"Lcu.2RBY.Chr4p304588241","LG3",189.752866
"Lcu.2RBY.Chr4p307850634","LG3",190.3522057
"Lcu.2RBY.Chr4p294138752","LG3",192.1300374
"Lcu.2RBY.Chr4p293348239","LG3",192.8924509
"Lcu.2RBY.Chr4p283538119","LG3",204.6283011
"Lcu.2RBY.Chr4p276065527","LG3",215.9416377
"Lcu.2RBY.Chr4p283214909","LG3",216.5409774
"Lcu.2RBY.Chr4p262946753","LG3",217.1403171
"Lcu.2RBY.Chr4p259538365","LG3",217.3577098
"Lcu.2RBY.Chr4p282937107","LG3",217.5751024
"Lcu.2RBY.Chr4p277184857","LG3",218.7301241
"Lcu.2RBY.Chr4p281335574","LG3",219.9395239
"Lcu.2RBY.Chr4p261678595","LG3",221.3909273
"Lcu.2RBY.Chr4p283829567","LG3",222.8423307
"Lcu.2RBY.Chr4p289261498","LG3",223.6092327
"Lcu.2RBY.Chr4p296480964","LG3",224.655506
"Lcu.2RBY.Chr4p299599143","LG3",225.422408
"Lcu.2RBY.Chr4p299100365","LG3",226.18931
"Lcu.2RBY.Chr4p302184757","LG3",229.7926027
"Lcu.2RBY.Chr4p310077878","LG3",234.0290542
"Lcu.2RBY.Chr4p313137042","LG3",235.1947243
"Lcu.2RBY.Chr4p319164033","LG3",236.0778932
"Lcu.2RBY.Chr4p318982147","LG3",237.5292966
"Lcu.2RBY.Chr4p315457974","LG3",241.4471606
"Lcu.2RBY.Chr4p318820828","LG3",245.2143842
"Lcu.2RBY.Chr4p323148903","LG3",249.4605146
"Lcu.2RBY.Chr4p329278605","LG3",250.9525031
"Lcu.2RBY.Chr4p333058198","LG3",252.0637972
"Lcu.2RBY.Chr4p327790650","LG3",252.6132699
"Lcu.2RBY.Chr4p330222376","LG3",253.4964388
"Lcu.2RBY.Chr4p333325051","LG3",254.1002665
"Lcu.2RBY.Chr4p336504934","LG3",254.9834355
"Lcu.2RBY.Chr4p336132417","LG3",255.1464795
"Lcu.2RBY.Chr4p336320652","LG3",255.3638722
"Lcu.2RBY.Chr4p339435702","LG3",256.9784726
"Lcu.2RBY.Chr4p336939131","LG3",261.7020843
"Lcu.2RBY.Chr4p342961186","LG3",265.9385358
"Lcu.2RBY.Chr4p347553445","LG3",266.8685284
"Lcu.2RBY.Chr4p348923055","LG3",267.3591594
"Lcu.2RBY.Chr4p345325275","LG3",267.686736
"Lcu.2RBY.Chr4p349263112","LG3",268.0143126
"Lcu.2RBY.Chr4p359035512","LG3",269.9180165
"Lcu.2RBY.Chr4p360542755","LG3",271.410005
"Lcu.2RBY.Chr4p361393725","LG3",273.1878367
"Lcu.2RBY.Chr4p363650429","LG3",275.2548415
"Lcu.2RBY.Chr4p366961304","LG3",275.8541812
"Lcu.2RBY.Chr4p368619874","LG3",276.1802727
"Lcu.2RBY.Chr4p370670034","LG3",276.5063643
"Lcu.2RBY.Chr4p364458416","LG3",277.2732663
"Lcu.2RBY.Chr4p363896340","LG3",277.7638974
"Lcu.2RBY.Chr4p370763179","LG3",278.69389
"Lcu.2RBY.Chr4p371100896","LG3",279.0199815
"Lcu.2RBY.Chr4p374181735","LG3",280.4713849
"Lcu.2RBY.Chr4p378944372","LG3",281.637055
"Lcu.2RBY.Chr4p379816573","LG3",281.9646316
"Lcu.2RBY.Chr4p374894618","LG3",283.2934468
"Lcu.2RBY.Chr4p384528913","LG3",283.7840778
"Lcu.2RBY.Chr4p391089317","LG3",287.240503
"Lcu.2RBY.Chr4p387072254","LG3",290.0867411
"Lcu.2RBY.Chr4p387365315","LG3",290.9155463
"Lcu.2RBY.Chr4p388771183","LG3",292.2443614
"Lcu.2RBY.Chr4p388021160","LG3",292.570453
"Lcu.2RBY.Chr4p389537579","LG3",293.6167263
"Lcu.2RBY.Chr4p391308918","LG3",295.0681297
"Lcu.2RBY.Chr4p392047739","LG3",296.2337998
"Lcu.2RBY.Chr4p393131272","LG3",297.9742435
"Lcu.2RBY.Chr4p395524745","LG3",298.8574124
"Lcu.2RBY.Chr4p399656942","LG3",299.7405813
"Lcu.2RBY.Chr4p399814834","LG3",300.3444091
"Lcu.2RBY.Chr4p399132603","LG3",302.0848528
"Lcu.2RBY.Chr4p405773851","LG3",304.1518575
"Lcu.2RBY.Chr4p411802177","LG3",304.7511972
"Lcu.2RBY.Chr4p408657895","LG3",305.0772888
"Lcu.2RBY.Chr4p412929890","LG3",306.406104
"Lcu.2RBY.Chr4p415438077","LG3",306.8967351
"Lcu.2RBY.Chr4p412601377","LG3",308.9637398
"Lcu.2RBY.Chr4p400356070","LG3",314.681966
"Lcu.2RBY.Chr4p401597556","LG3",321.846818
"Lcu.2RBY.Chr4p429254595","LG3",336.3463178
"Lcu.2RBY.Chr4p423071683","LG3",344.6084265
"Lcu.2RBY.Chr4p426545947","LG3",345.6546998
"Lcu.2RBY.Chr4p427537406","LG3",347.9289942
"Lcu.2RBY.Chr4p427743486","LG3",349.9074272
"Lcu.2RBY.Chr4p425712091","LG3",350.2350038
"Lcu.2RBY.Chr4p424305071","LG3",351.2812771
"Lcu.2RBY.Chr4p425082865","LG3",354.7377022
"Lcu.2RBY.Chr4p423731416","LG3",358.5049259
"Lcu.2RBY.Chr4p428975464","LG3",359.8337411
"Lcu.2RBY.Chr4p432021075","LG3",361.9210495
"Lcu.2RBY.Chr4p431745944","LG3",362.1942763
"Lcu.2RBY.Chr4p431676907","LG3",363.3055704
"Lcu.2RBY.Chr4p432676811","LG3",364.4712404
"Lcu.2RBY.Chr4p434136097","LG3",365.8000556
"Lcu.2RBY.Chr4p434178066","LG3",366.9657257
"Lcu.2RBY.Chr4p434657649","LG3",368.4171291
"Lcu.2RBY.Chr4p435222122","LG3",368.9077602
"Lcu.2RBY.Chr4p434846294","LG3",370.5223605
"Lcu.2RBY.Chr4p439893218","LG3",372.4260644
"Lcu.2RBY.Chr4p442315565","LG3",374.6222682
"Lcu.2RBY.Chr4p442790780","LG3",375.3891702
"Lcu.2RBY.Chr4p444501000","LG3",378.7023568
"Lcu.2RBY.Chr4p445805385","LG3",382.2680145
"Lcu.2RBY.Chr4p446067008","LG3",383.8688028
"Lcu.2RBY.Chr4p446067317","LG3",385.3607913
"Lcu.2RBY.Chr4p447412341","LG3",386.6896065
"Lcu.2RBY.Chr4p449485008","LG3",387.7358798
"Lcu.2RBY.Chr4p449675699","LG3",388.0619713
"Lcu.2RBY.Chr4p449867829","LG3",388.3880629
"Lcu.2RBY.Chr4p453633169","LG3",391.0982238
"Lcu.2RBY.Chr4p455705301","LG3",393.2944276
"Lcu.2RBY.Chr4p457572288","LG3",393.8982553
"Lcu.2RBY.Chr4p458199242","LG3",394.502083
"Lcu.2RBY.Chr4p458755173","LG3",396.1166834
"Lcu.2RBY.Chr4p459190886","LG3",396.4427749
"Lcu.2RBY.Chr4p461365198","LG3",399.8651511
"Lcu.2RBY.Chr4p463474461","LG3",404.2755499
"Lcu.2RBY.Chr4p464394374","LG3",405.5937149
"Lcu.2RBY.Chr4p463899168","LG3",406.9662671
"Lcu.2RBY.Chr4p464181630","LG3",407.5656068
"Lcu.2RBY.Chr4p465526984","LG3",408.7312769
"Lcu.2RBY.Chr4p466654309","LG3",410.9274806
"Lcu.2RBY.Chr4p466492006","LG3",411.3637592
"Lcu.2RBY.Chr4p468518712","LG3",413.559963
"Lcu.2RBY.Chr4p468398409","LG3",413.9962416
"Lcu.2RBY.Chr4p469781042","LG3",415.6108419
"Lcu.2RBY.Chr4p468722423","LG3",416.9396571
"Lcu.2RBY.Chr4p468730563","LG3",418.1490569
"Lcu.2RBY.Chr4p469816358","LG3",419.3584568
"Lcu.2RBY.Chr4p470023822","LG3",421.5546605
"Lcu.2RBY.Chr4p471293649","LG3",424.5099606
"Lcu.2RBY.Chr4p471595496","LG3",424.9991066
"Lcu.2RBY.Chr4p471058793","LG3",426.9402075
"Lcu.2RBY.Chr4p472052055","LG3",428.0952291
"Lcu.2RBY.Chr4p471843392","LG3",428.6945688
"Lcu.2RBY.Chr4p472924165","LG3",430.4724005
"Lcu.2RBY.Chr4p473594953","LG3",432.0870009
"Lcu.2RBY.Chr4p474341031","LG3",433.2964007
"Lcu.2RBY.Chr4p474854566","LG3",434.0633027
"Lcu.2RBY.Chr4p475462263","LG3",436.1303075
"Lcu.2RBY.Chr4p476718952","LG3",439.7711616
"Lcu.2RBY.Chr4p477893229","LG3",443.8664934
"Lcu.2RBY.Chr4p478952365","LG3",444.6333954
"Lcu.2RBY.Chr4p481076438","LG3",448.5512594
"Lcu.2RBY.Chr4p482108435","LG3",448.8773509
"Lcu.2RBY.Chr4p481780232","LG3",449.2034425
"Lcu.2RBY.Chr5p217643","LG4",0
"Lcu.2RBY.Chr5p306094","LG4",1.491988564
"Lcu.2RBY.Chr5p1212827","LG4",5.112275245
"Lcu.2RBY.Chr5p1935633","LG4",7.767931692
"Lcu.2RBY.Chr5p3179143","LG4",17.01411042
"Lcu.2RBY.Chr5p3369799","LG4",19.08111516
"Lcu.2RBY.Chr5p3453383","LG4",20.39928018
"Lcu.2RBY.Chr5p3966485","LG4",24.43990359
"Lcu.2RBY.Chr5p4398319","LG4",26.96292221
"Lcu.2RBY.Chr5p4874452","LG4",28.28108723
"Lcu.2RBY.Chr5p5044800","LG4",29.04798922
"Lcu.2RBY.Chr5p4973066","LG4",30.98909011
"Lcu.2RBY.Chr5p5358306","LG4",33.94439013
"Lcu.2RBY.Chr5p6004261","LG4",37.89263641
"Lcu.2RBY.Chr5p6892065","LG4",40.74268546
"Lcu.2RBY.Chr5p7044151","LG4",43.26570408
"Lcu.2RBY.Chr5p8638998","LG4",47.5118344
"Lcu.2RBY.Chr5p8892670","LG4",49.28966607
"Lcu.2RBY.Chr5p8766212","LG4",49.88900578
"Lcu.2RBY.Chr5p9832587","LG4",52.24859178
"Lcu.2RBY.Chr5p10511292","LG4",55.86887846
"Lcu.2RBY.Chr5p11923825","LG4",59.63610211
"Lcu.2RBY.Chr5p11593595","LG4",61.08750551
"Lcu.2RBY.Chr5p11421693","LG4",62.53890891
"Lcu.2RBY.Chr5p13858319","LG4",66.30613256
"Lcu.2RBY.Chr5p13803478","LG4",67.07303454
"Lcu.2RBY.Chr5p14719938","LG4",69.75573007
"Lcu.2RBY.Chr5p15388509","LG4",72.4384256
"Lcu.2RBY.Chr5p14958172","LG4",74.47129394
"Lcu.2RBY.Chr5p15527806","LG4",77.317532
"Lcu.2RBY.Chr5p18237116","LG4",83.25611716
"Lcu.2RBY.Chr5p19257384","LG4",84.1816208
"Lcu.2RBY.Chr5p21537047","LG4",87.16440315
"Lcu.2RBY.Chr5p22095933","LG4",89.26881465
"Lcu.2RBY.Chr5p22852458","LG4",91.9244711
"Lcu.2RBY.Chr5p23888003","LG4",93.70230277
"Lcu.2RBY.Chr5p24536880","LG4",96.96090648
"Lcu.2RBY.Chr5p24451050","LG4",97.99963687
"Lcu.2RBY.Chr5p26906344","LG4",102.259153
"Lcu.2RBY.Chr5p29656948","LG4",105.214453
"Lcu.2RBY.Chr5p29659318","LG4",105.9768666
"Lcu.2RBY.Chr5p31220383","LG4",107.015597
"Lcu.2RBY.Chr5p35498978","LG4",108.333762
"Lcu.2RBY.Chr5p35931863","LG4",109.041816
"Lcu.2RBY.Chr5p42254488","LG4",110.2436719
"Lcu.2RBY.Chr5p38172477","LG4",111.0060854
"Lcu.2RBY.Chr5p42252683","LG4",111.768499
"Lcu.2RBY.Chr5p45332751","LG4",112.5309126
"Lcu.2RBY.Chr5p49548823","LG4",114.5808824
"Lcu.2RBY.Chr5p84879259","LG4",116.7567786
"Lcu.2RBY.Chr3p357257837","LG4",118.9871283
"Lcu.2RBY.Chr5p85519856","LG4",121.054133
"Lcu.2RBY.Chr5p73623334","LG4",122.4917271
"Lcu.2RBY.Chr5p65372250","LG4",124.0925153
"Lcu.2RBY.Chr5p61693107","LG4",129.6947931
"Lcu.2RBY.Chr5p115059543","LG4",135.2970708
"Lcu.2RBY.Chr5p161240487","LG4",136.0594843
"Lcu.2RBY.Chr5p141926252","LG4",136.7116952
"Lcu.2RBY.Chr5p124489613","LG4",137.4741088
"Lcu.2RBY.Chr5p142657434","LG4",138.0734485
"Lcu.2RBY.Chr5p123699791","LG4",138.5625945
"Lcu.2RBY.Chr5p140587847","LG4",139.8807595
"Lcu.2RBY.Chr5p218006176","LG4",142.6999488
"Lcu.2RBY.Chr5p196656132","LG4",144.7499186
"Lcu.2RBY.Chr5p229627784","LG4",150.5173567
"Lcu.2RBY.Chr5p151560198","LG4",158.4447557
"Lcu.2RBY.Chr5p144159376","LG4",163.0039148
"Lcu.2RBY.Chr5p170736568","LG4",163.4930608
"Lcu.2RBY.Chr5p125996020","LG4",163.9822069
"Lcu.2RBY.Chr5p155917018","LG4",164.4713529
"Lcu.2RBY.Chr5p60563855","LG4",165.3469799
"Lcu.2RBY.Chr5p74640491","LG4",166.0595222
"Lcu.2RBY.Chr5p112415005","LG4",166.9351492
"Lcu.2RBY.Chr5p82732890","LG4",167.4242952
"Lcu.2RBY.Chr5p113718480","LG4",168.3497989
"Lcu.2RBY.Chr5p68043013","LG4",169.2753025
"Lcu.2RBY.Chr5p104859172","LG4",169.7644485
"Lcu.2RBY.Chr5p58559396","LG4",170.2535946
"Lcu.2RBY.Chr5p84786421","LG4",170.7427406
"Lcu.2RBY.Chr5p41609264","LG4",172.0609056
"Lcu.2RBY.Chr5p44625064","LG4",172.6587602
"Lcu.2RBY.Chr5p35667379","LG4",174.5454336
"Lcu.2RBY.Chr5p30387971","LG4",176.7757833
"Lcu.2RBY.Chr5p30924145","LG4",178.0939483
"Lcu.2RBY.Chr5p28177639","LG4",180.3242979
"Lcu.2RBY.Chr5p28798280","LG4",181.2498016
"Lcu.2RBY.Chr5p30950392","LG4",183.4801512
"Lcu.2RBY.Chr5p30866803","LG4",184.2425648
"Lcu.2RBY.Chr5p33366989","LG4",185.4444207
"Lcu.2RBY.Chr5p38701799","LG4",186.7625857
"Lcu.2RBY.Chr5p46614402","LG4",187.3619254
"Lcu.2RBY.Chr5p53831156","LG4",188.2375524
"Lcu.2RBY.Chr5p91096677","LG4",190.0153841
"Lcu.2RBY.Chr5p153561693","LG4",192.2457337
"Lcu.2RBY.Chr5p144666043","LG4",193.0081473
"Lcu.2RBY.Chr5p165263501","LG4",193.4972933
"Lcu.2RBY.Chr5p177500848","LG4",194.2053473
"Lcu.2RBY.Chr5p184615505","LG4",195.1308509
"Lcu.2RBY.Chr5p209947484","LG4",195.7287055
"Lcu.2RBY.Chr5p198052838","LG4",196.2178515
"Lcu.2RBY.Chr5p228574477","LG4",196.8171912
"Lcu.2RBY.Chr5p235574581","LG4",198.884196
"Lcu.2RBY.Chr5p236046795","LG4",199.8141885
"Lcu.2RBY.Chr5p331375446","LG4",202.1737745
"Lcu.2RBY.Chr5p304098163","LG4",203.7745628
"Lcu.2RBY.Chr5p319889696","LG4",204.5369764
"Lcu.2RBY.Chr5p314040602","LG4",205.2993899
"Lcu.2RBY.Chr5p309682416","LG4",206.1750169
"Lcu.2RBY.Chr5p297023877","LG4",206.7743566
"Lcu.2RBY.Chr5p277723065","LG4",207.2635027
"Lcu.2RBY.Chr5p292719813","LG4",208.0259162
"Lcu.2RBY.Chr5p290399836","LG4",208.7883298
"Lcu.2RBY.Chr5p283922993","LG4",209.2774758
"Lcu.2RBY.Chr5p248324287","LG4",209.9855298
"Lcu.2RBY.Chr5p246324062","LG4",210.4746759
"Lcu.2RBY.Chr5p301874117","LG4",212.5416806
"Lcu.2RBY.Chr5p236442194","LG4",216.6236339
"Lcu.2RBY.Chr5p308500133","LG4",218.8539835
"Lcu.2RBY.Chr5p329770929","LG4",220.4547718
"Lcu.2RBY.Chr5p338533665","LG4",221.4935022
"Lcu.2RBY.Chr5p350889756","LG4",222.9748386
"Lcu.2RBY.Chr5p351073979","LG4",224.1766945
"Lcu.2RBY.Chr5p380638405","LG4",225.1021981
"Lcu.2RBY.Chr5p365215915","LG4",225.8646117
"Lcu.2RBY.Chr5p376574682","LG4",227.6424434
"Lcu.2RBY.Chr5p374241020","LG4",229.2432316
"Lcu.2RBY.Chr5p374236923","LG4",232.6656078
"Lcu.2RBY.Chr5p400488465","LG4",236.087984
"Lcu.2RBY.Chr5p391418439","LG4",240.8272083
"Lcu.2RBY.Chr5p389608124","LG4",245.9408713
"Lcu.2RBY.Chr5p389010228","LG4",246.7032849
"Lcu.2RBY.Chr5p387442082","LG4",249.2263035
"Lcu.2RBY.Chr5p387848790","LG4",250.1518072
"Lcu.2RBY.Chr5p396398701","LG4",252.3821568
"Lcu.2RBY.Chr5p412351054","LG4",254.9051754
"Lcu.2RBY.Chr5p413850279","LG4",257.5916806
"Lcu.2RBY.Chr5p414225454","LG4",258.3540941
"Lcu.2RBY.Chr5p426337495","LG4",259.6722591
"Lcu.2RBY.Chr5p425213602","LG4",260.1085377
"Lcu.2RBY.Chr5p418712910","LG4",260.82108
"Lcu.2RBY.Chr5p427048257","LG4",261.8598104
"Lcu.2RBY.Chr5p428415612","LG4",262.8985408
"Lcu.2RBY.Chr5p427555919","LG4",263.4978805
"Lcu.2RBY.Chr5p430399999","LG4",265.4015844
"Lcu.2RBY.Chr5p433000614","LG4",266.893573
"Lcu.2RBY.Chr5p432889737","LG4",267.6559865
"Lcu.2RBY.Chr5p433388221","LG4",268.6947169
"Lcu.2RBY.Chr5p433417407","LG4",269.0208085
"Lcu.2RBY.Chr5p436047358","LG4",270.6760022
"Lcu.2RBY.Chr5p436985425","LG4",272.4538339
"Lcu.2RBY.Chr5p437313912","LG4",273.7826491
"Lcu.2RBY.Chr5p437511209","LG4",279.1649015
"Lcu.2RBY.Chr5p437452905","LG4",283.565616
"Lcu.2RBY.Chr5p438464584","LG4",286.3573333
"Lcu.2RBY.Chr5p438766783","LG4",288.097777
"Lcu.2RBY.Chr5p440293428","LG4",288.9809459
"Lcu.2RBY.Chr5p448777976","LG4",295.9936969
"Lcu.2RBY.Chr5p446866925","LG4",300.4040956
"Lcu.2RBY.Chr5p455325800","LG4",307.015147
"Lcu.2RBY.Chr5p455933137","LG4",309.8343362
"Lcu.2RBY.Chr5p456623063","LG4",311.0437361
"Lcu.2RBY.Chr5p458095288","LG4",314.5001613
"Lcu.2RBY.Chr5p458201117","LG4",316.8597473
"Lcu.2RBY.Chr5p458137516","LG4",317.7353743
"Lcu.2RBY.Chr5p457566823","LG4",319.6390782
"Lcu.2RBY.Chr5p459504332","LG4",320.4059802
"Lcu.2RBY.Chr5p461542451","LG4",324.1732038
"Lcu.2RBY.Chr5p461396182","LG4",326.2060722
"Lcu.2RBY.Chr5p461986657","LG4",328.5656582
"Lcu.2RBY.Chr5p463580494","LG4",330.3434898
"Lcu.2RBY.Chr5p463807132","LG4",330.8341209
"Lcu.2RBY.Chr5p463746205","LG4",332.9011257
"Lcu.2RBY.Chr5p464097085","LG4",334.515726
"Lcu.2RBY.Chr5p464093659","LG4",334.8433026
"Lcu.2RBY.Chr5p466569441","LG4",337.9927636
"Lcu.2RBY.Chr5p466405255","LG4",338.3188552
"Lcu.2RBY.Chr5p468311621","LG4",340.3517236
"Lcu.2RBY.Chr5p468111827","LG4",342.5479273
"Lcu.2RBY.Chr5p468365835","LG4",345.2306228
"Lcu.2RBY.Chr5p468599688","LG4",346.3419169
"Lcu.2RBY.Chr5p469006620","LG4",349.8359654
"Lcu.2RBY.Chr5p469644123","LG4",351.2873688
"Lcu.2RBY.Chr5p58022479","LG4",354.743794
"Lcu.2RBY.Chr5p57963605","LG4",354.9068381
"Lcu.2RBY.Chr5p472191112","LG4",357.5624945
"Lcu.2RBY.Chr5p472457272","LG4",358.6087678
"Lcu.2RBY.Chr5p472530429","LG4",360.9683538
"Lcu.2RBY.Chr5p473201028","LG4",364.8995893
"Lcu.2RBY.Chr5p473824121","LG4",366.3915778
"Lcu.2RBY.Chr5p473190959","LG4",368.7511638
"Lcu.2RBY.Chr5p474580356","LG4",374.8651177
"Lcu.2RBY.Chr6p4673417","LG5",0
"Lcu.2RBY.Chr6p3899372","LG5",2.682695526
"Lcu.2RBY.Chr6p2349445","LG5",11.92887425
"Lcu.2RBY.Chr6p570040","LG5",18.19843167
"Lcu.2RBY.Chr6p9124682","LG5",21.51161827
"Lcu.2RBY.Chr6p15331400","LG5",29.99727342
"Lcu.2RBY.Chr6p25459845","LG5",34.40767219
"Lcu.2RBY.Chr6p24330772","LG5",35.72583721
"Lcu.2RBY.Chr6p19947186","LG5",36.65134085
"Lcu.2RBY.Chr6p29126865","LG5",40.27162753
"Lcu.2RBY.Chr6p29445491","LG5",41.60044271
"Lcu.2RBY.Chr6p29183551","LG5",42.19978241
"Lcu.2RBY.Chr6p30478071","LG5",43.51794743
"Lcu.2RBY.Chr6p30982896","LG5",46.04096605
"Lcu.2RBY.Chr6p33160463","LG5",47.53295462
"Lcu.2RBY.Chr6p37665022","LG5",48.69862469
"Lcu.2RBY.Chr6p42571435","LG5",49.46552668
"Lcu.2RBY.Chr6p35398829","LG5",50.51179995
"Lcu.2RBY.Chr6p36358882","LG5",52.28963162
"Lcu.2RBY.Chr6p34865126","LG5",53.16525863
"Lcu.2RBY.Chr6p41127219","LG5",53.32830269
"Lcu.2RBY.Chr6p39275944","LG5",53.65587925
"Lcu.2RBY.Chr6p50694848","LG5",54.42278123
"Lcu.2RBY.Chr6p46613226","LG5",54.58582529
"Lcu.2RBY.Chr6p63500587","LG5",55.46899423
"Lcu.2RBY.Chr6p63769757","LG5",56.1226903
"Lcu.2RBY.Chr6p81972400","LG5",57.16896357
"Lcu.2RBY.Chr6p85926923","LG5",58.37836344
"Lcu.2RBY.Chr6p85563453","LG5",58.86750948
"Lcu.2RBY.Chr6p111237853","LG5",60.02253113
"Lcu.2RBY.Chr6p101273609","LG5",60.51167716
"Lcu.2RBY.Chr6p106370967","LG5",61.11101687
"Lcu.2RBY.Chr6p152456008","LG5",63.47060287
"Lcu.2RBY.Chr6p130602155","LG5",65.53760761
"Lcu.2RBY.Chr6p137615102","LG5",66.02675365
"Lcu.2RBY.Chr6p146263987","LG5",66.62609335
"Lcu.2RBY.Chr6p151039702","LG5",67.27830425
"Lcu.2RBY.Chr6p173504026","LG5",68.2038079
"Lcu.2RBY.Chr6p191170774","LG5",69.80459616
"Lcu.2RBY.Chr6p193920808","LG5",70.7300998
"Lcu.2RBY.Chr6p209144919","LG5",71.76883019
"Lcu.2RBY.Chr6p217345102","LG5",73.08699521
"Lcu.2RBY.Chr6p222900147","LG5",74.1257256
"Lcu.2RBY.Chr6p232451256","LG5",75.32758148
"Lcu.2RBY.Chr6p233951512","LG5",75.81672752
"Lcu.2RBY.Chr6p230990453","LG5",76.30587356
"Lcu.2RBY.Chr6p225071515","LG5",77.62403858
"Lcu.2RBY.Chr6p257510012","LG5",86.10969373
"Lcu.2RBY.Chr6p86258005","LG5",96.76944247
"Lcu.2RBY.Chr6p93578459","LG5",98.65611586
"Lcu.2RBY.Chr6p94376920","LG5",99.97428088
"Lcu.2RBY.Chr6p81991420","LG5",100.8499079
"Lcu.2RBY.Chr6p79381085","LG5",109.8713594
"Lcu.2RBY.Chr6p71117802","LG5",118.7343622
"Lcu.2RBY.Chr6p65656477","LG5",119.6099893
"Lcu.2RBY.Chr6p65471709","LG5",119.7730333
"Lcu.2RBY.Chr6p65004269","LG5",120.0991249
"Lcu.2RBY.Chr6p81741514","LG5",120.6984646
"Lcu.2RBY.Chr6p100162084","LG5",122.4762963
"Lcu.2RBY.Chr6p98423584","LG5",124.1997135
"Lcu.2RBY.Chr6p100339370","LG5",124.525805
"Lcu.2RBY.Chr6p126215430","LG5",125.0752777
"Lcu.2RBY.Chr6p121679135","LG5",127.3495722
"Lcu.2RBY.Chr6p113186377","LG5",129.7091582
"Lcu.2RBY.Chr6p121844459","LG5",130.0352497
"Lcu.2RBY.Chr6p111236607","LG5",130.3613413
"Lcu.2RBY.Chr6p123683141","LG5",130.6874329
"Lcu.2RBY.Chr6p128360304","LG5",131.0135245
"Lcu.2RBY.Chr6p140812273","LG5",132.1685461
"Lcu.2RBY.Chr6p155259961","LG5",133.0441731
"Lcu.2RBY.Chr6p150247938","LG5",133.6435128
"Lcu.2RBY.Chr6p164711639","LG5",133.9696044
"Lcu.2RBY.Chr6p138355257","LG5",134.6218153
"Lcu.2RBY.Chr6p148509270","LG5",135.1109614
"Lcu.2RBY.Chr6p144798158","LG5",135.4370529
"Lcu.2RBY.Chr6p144800162","LG5",135.926199
"Lcu.2RBY.Chr6p184145363","LG5",136.5255387
"Lcu.2RBY.Chr6p187981782","LG5",137.1777496
"Lcu.2RBY.Chr6p169174134","LG5",137.7756042
"Lcu.2RBY.Chr6p181207290","LG5",138.2647502
"Lcu.2RBY.Chr6p171309027","LG5",138.7538962
"Lcu.2RBY.Chr6p170248801","LG5",143.4834247
"Lcu.2RBY.Chr6p196250118","LG5",149.2490097
"Lcu.2RBY.Chr6p197527743","LG5",149.7381558
"Lcu.2RBY.Chr6p199164527","LG5",150.7768862
"Lcu.2RBY.Chr6p207407052","LG5",151.2660322
"Lcu.2RBY.Chr6p213178415","LG5",151.8653719
"Lcu.2RBY.Chr6p221642340","LG5",153.302966
"Lcu.2RBY.Chr6p239815766","LG5",154.7949545
"Lcu.2RBY.Chr6p249596126","LG5",155.2841006
"Lcu.2RBY.Chr6p255665342","LG5",156.0465141
"Lcu.2RBY.Chr6p265642481","LG5",159.3597007
"Lcu.2RBY.Chr6p276552373","LG5",160.8111041
"Lcu.2RBY.Chr6p276558066","LG5",161.1371957
"Lcu.2RBY.Chr6p276271793","LG5",162.9150274
"Lcu.2RBY.Chr6p271692184","LG5",168.2972798
"Lcu.2RBY.Chr6p274893422","LG5",174.5767945
"Lcu.2RBY.Chr6p268303451","LG5",175.9056097
"Lcu.2RBY.Chr6p273603236","LG5",176.3962408
"Lcu.2RBY.Chr6p266535213","LG5",177.442514
"Lcu.2RBY.Chr6p278787383","LG5",179.9346944
"Lcu.2RBY.Chr6p280271134","LG5",180.8103214
"Lcu.2RBY.Chr6p282963869","LG5",182.4655151
"Lcu.2RBY.Chr6p293478948","LG5",185.7787017
"Lcu.2RBY.Chr6p305589119","LG5",188.597891
"Lcu.2RBY.Chr6p294240900","LG5",189.5278836
"Lcu.2RBY.Chr6p291857194","LG5",190.6391776
"Lcu.2RBY.Chr6p292727718","LG5",190.9667542
"Lcu.2RBY.Chr6p285656551","LG5",192.8704581
"Lcu.2RBY.Chr6p281994363","LG5",193.7460851
"Lcu.2RBY.Chr6p284260343","LG5",193.9091292
"Lcu.2RBY.Chr6p289604236","LG5",194.2367057
"Lcu.2RBY.Chr6p295686333","LG5",195.7286943
"Lcu.2RBY.Chr6p305554260","LG5",196.328034
"Lcu.2RBY.Chr6p311957471","LG5",199.1472233
"Lcu.2RBY.Chr6p311939552","LG5",199.746563
"Lcu.2RBY.Chr6p312288602","LG5",202.4022194
"Lcu.2RBY.Chr6p313176814","LG5",203.4409498
"Lcu.2RBY.Chr6p313108917","LG5",205.2049664
"Lcu.2RBY.Chr6p313590209","LG5",207.435316
"Lcu.2RBY.Chr6p315256163","LG5",208.7641312
"Lcu.2RBY.Chr6p318222789","LG5",209.8104045
"Lcu.2RBY.Chr6p315119278","LG5",210.9216985
"Lcu.2RBY.Chr6p322491899","LG5",212.6621422
"Lcu.2RBY.Chr6p322927055","LG5",213.4245558
"Lcu.2RBY.Chr6p322965330","LG5",214.1869693
"Lcu.2RBY.Chr6p323883815","LG5",215.6789579
"Lcu.2RBY.Chr6p326625350","LG5",216.5545849
"Lcu.2RBY.Chr6p325898558","LG5",217.2067958
"Lcu.2RBY.Chr6p323889053","LG5",219.2567656
"Lcu.2RBY.Chr6p327420857","LG5",221.0207822
"Lcu.2RBY.Chr6p330176784","LG5",222.9074556
"Lcu.2RBY.Chr6p328777812","LG5",225.0118671
"Lcu.2RBY.Chr6p332213302","LG5",226.8985405
"Lcu.2RBY.Chr6p332000194","LG5",228.1003963
"Lcu.2RBY.Chr6p341423105","LG5",229.9870697
"Lcu.2RBY.Chr6p340629763","LG5",231.4246638
"Lcu.2RBY.Chr6p346494781","LG5",232.5796855
"Lcu.2RBY.Chr6p349537218","LG5",233.6259587
"Lcu.2RBY.Chr6p351151879","LG5",234.5015857
"Lcu.2RBY.Chr6p352692349","LG5",236.6977895
"Lcu.2RBY.Chr6p353238152","LG5",237.8634596
"Lcu.2RBY.Chr6p354044704","LG5",238.90219
"Lcu.2RBY.Chr6p357107902","LG5",239.9409203
"Lcu.2RBY.Chr6p360182042","LG5",240.2670119
"Lcu.2RBY.Chr6p362656986","LG5",240.8663516
"Lcu.2RBY.Chr6p361315469","LG5",242.0320217
"Lcu.2RBY.Chr6p355049903","LG5",242.6358494
"Lcu.2RBY.Chr6p355718152","LG5",242.6358494
"Lcu.2RBY.Chr6p367875279","LG5",243.2396772
"Lcu.2RBY.Chr6p365814312","LG5",243.4570698
"Lcu.2RBY.Chr6p369779721","LG5",249.9164134
"Lcu.2RBY.Chr6p369742759","LG5",257.4416674
"Lcu.2RBY.Chr6p371440108","LG5",260.124363
"Lcu.2RBY.Chr6p372543020","LG5",261.1706362
"Lcu.2RBY.Chr6p372394302","LG5",261.9375382
"Lcu.2RBY.Chr6p375800567","LG5",263.5521386
"Lcu.2RBY.Chr6p374068419","LG5",267.3363644
"Lcu.2RBY.Chr6p377844797","LG5",270.8133475
"Lcu.2RBY.Chr6p378867705","LG5",271.9790176
"Lcu.2RBY.Chr6p382869448","LG5",275.4730662
"Lcu.2RBY.Chr6p382622854","LG5",275.7462929
"Lcu.2RBY.Chr6p386178272","LG5",276.6294619
"Lcu.2RBY.Chr6p388903438","LG5",278.5331658
"Lcu.2RBY.Chr6p388529542","LG5",278.8592574
"Lcu.2RBY.Chr6p393020418","LG5",280.9262621
"Lcu.2RBY.Chr6p392171737","LG5",281.4168932
"Lcu.2RBY.Chr6p392928979","LG5",282.4631665
"Lcu.2RBY.Chr6p393719758","LG5",284.8463926
"Lcu.2RBY.Chr6p393762352","LG5",285.3370237
"Lcu.2RBY.Chr6p395238587","LG5",286.2126507
"Lcu.2RBY.Chr6p395850728","LG5",288.2796554
"Lcu.2RBY.Chr6p396668048","LG5",290.3466602
"Lcu.2RBY.Chr6p396785036","LG5",293.8030853
"Lcu.2RBY.Chr6p397663619","LG5",294.8493586
"Lcu.2RBY.Chr6p398187518","LG5",295.8956319
"Lcu.2RBY.Chr6p398640511","LG5",297.2244471
"Lcu.2RBY.Chr6p399808607","LG5",298.9648908
"Lcu.2RBY.Chr6p400768871","LG5",299.2924673
"Lcu.2RBY.Chr6p400826017","LG5",301.070299
"Lcu.2RBY.Chr6p400908797","LG5",305.3164293
"Lcu.2RBY.Chr6p400984059","LG5",309.8815016
"Lcu.2RBY.Chr6p401452034","LG5",311.0471716
"Lcu.2RBY.Chr6p403890764","LG5",313.1141764
"Lcu.2RBY.Chr6p405778358","LG5",315.344526
"Lcu.2RBY.Chr6p405368353","LG5",315.9438657
"Lcu.2RBY.Chr6p409717374","LG5",329.9661461
"Lcu.2RBY.Chr6p412738062","LG5",340.2285608
"Lcu.2RBY.Chr6p414015998","LG5",341.8431612
"Lcu.2RBY.Chr6p413377789","LG5",342.9981828
"Lcu.2RBY.Chr6p414426264","LG5",345.2285325
"Lcu.2RBY.Chr6p415231110","LG5",347.0063641
"Lcu.2RBY.Chr6p415469028","LG5",347.6057038
"Lcu.2RBY.Chr6p415678361","LG5",348.9238688
"Lcu.2RBY.Chr6p416606313","LG5",350.5246571
"Lcu.2RBY.Chr6p417118758","LG5",351.8534723
"Lcu.2RBY.Chr6p417055351","LG5",353.920477
"Lcu.2RBY.Chr7p522835087","LG6",0
"Lcu.2RBY.Chr7p527069954","LG6",24.50234654
"Lcu.2RBY.Chr7p528896652","LG6",26.88557265
"Lcu.2RBY.Chr7p529016991","LG6",26.88557265
"Lcu.2RBY.Chr7p528731982","LG6",28.33697605
"Lcu.2RBY.Chr7p528735183","LG6",28.61020281
"Lcu.2RBY.Chr7p528131954","LG6",28.88342957
"Lcu.2RBY.Chr7p528305367","LG6",28.88342957
"Lcu.2RBY.Chr7p528219405","LG6",29.04647363
"Lcu.2RBY.Chr7p527429133","LG6",29.81337562
"Lcu.2RBY.Chr7p527142668","LG6",31.59120729
"Lcu.2RBY.Chr7p526685495","LG6",34.41039655
"Lcu.2RBY.Chr7p525428174","LG6",40.67995397
"Lcu.2RBY.Chr7p525168768","LG6",42.56662736
"Lcu.2RBY.Chr7p524636848","LG6",43.16596706
"Lcu.2RBY.Chr7p524212342","LG6",44.65795563
"Lcu.2RBY.Chr7p523204024","LG6",49.3874841
"Lcu.2RBY.Chr7p522441043","LG6",54.4952214
"Lcu.2RBY.Chr7p522026111","LG6",56.98740177
"Lcu.2RBY.Chr7p521986136","LG6",58.47939034
"Lcu.2RBY.Chr7p520676467","LG6",61.59833629
"Lcu.2RBY.Chr7p519988224","LG6",67.36392132
"Lcu.2RBY.Chr7p518727053","LG6",71.00477548
"Lcu.2RBY.Chr7p519302436","LG6",72.94587638
"Lcu.2RBY.Chr7p519489181","LG6",75.17622603
"Lcu.2RBY.Chr7p517328582","LG6",79.57694052
"Lcu.2RBY.Chr7p516359701","LG6",84.13609962
"Lcu.2RBY.Chr7p516459506","LG6",85.01926857
"Lcu.2RBY.Chr7p515440635","LG6",89.46884745
"Lcu.2RBY.Chr7p514892732","LG6",90.01832012
"Lcu.2RBY.Chr7p509676406","LG6",93.00412306
"Lcu.2RBY.Chr7p509783293","LG6",93.16716712
"Lcu.2RBY.Chr7p508483036","LG6",94.21344039
"Lcu.2RBY.Chr2p34545189","LG6",94.54101695
"Lcu.2RBY.Chr7p505137338","LG6",95.03164804
"Lcu.2RBY.Chr7p503697293","LG6",95.03164804
"Lcu.2RBY.Chr2p33974809","LG6",95.03164804
"Lcu.2RBY.Chr2p25800962","LG6",96.48305144
"Lcu.2RBY.Chr2p23606594","LG6",97.59434551
"Lcu.2RBY.Chr2p22462233","LG6",98.0849766
"Lcu.2RBY.Chr2p19012415","LG6",103.13573
"Lcu.2RBY.Chr2p19057814","LG6",103.6263611
"Lcu.2RBY.Chr2p18415131","LG6",104.0626397
"Lcu.2RBY.Chr2p17404721","LG6",105.3808047
"Lcu.2RBY.Chr2p16271394","LG6",106.3063084
"Lcu.2RBY.Chr2p17630710","LG6",107.0687219
"Lcu.2RBY.Chr2p13289175","LG6",112.1215484
"Lcu.2RBY.Chr2p12327078","LG6",114.4811344
"Lcu.2RBY.Chr2p12857640","LG6",115.973123
"Lcu.2RBY.Chr2p11613400","LG6",116.84875
"Lcu.2RBY.Chr2p11368495","LG6",117.724377
"Lcu.2RBY.Chr2p9383360","LG6",120.8433229
"Lcu.2RBY.Chr2p8500151","LG6",122.6211546
"Lcu.2RBY.Chr2p6312854","LG6",131.6987538
"Lcu.2RBY.Chr2p5242132","LG6",133.6398547
"Lcu.2RBY.Chr2p4527342","LG6",134.9580197
"Lcu.2RBY.Chr2p4765367","LG6",137.8042578
"Lcu.2RBY.Chr2p4119070","LG6",141.260683
"Lcu.2RBY.Chr2p4260902","LG6",142.027585
"Lcu.2RBY.Chr2p3946041","LG6",143.0738582
"Lcu.2RBY.Chr2p3942157","LG6",144.0038508
"Lcu.2RBY.Chr2p3187267","LG6",146.3634368
"Lcu.2RBY.Chr2p2069476","LG6",153.5282888
"Lcu.2RBY.Chr2p1693842","LG6",154.4582814
"Lcu.2RBY.Chr2p1643045","LG6",155.0576211
"Lcu.2RBY.Chr2p881333","LG6",157.6042874
"Lcu.2RBY.Chr2p1323487","LG6",159.2188878
"Lcu.2RBY.Chr2p1586032","LG6",161.9015833
"Lcu.2RBY.Chr2p2793552","LG6",170.7547262
"Lcu.2RBY.Chr2p3891986","LG6",177.2140697
"Lcu.2RBY.Chr2p7844872","LG6",188.1119681
"Lcu.2RBY.Chr2p8471618","LG6",189.8897998
"Lcu.2RBY.Chr2p8414178","LG6",190.4891395
"Lcu.2RBY.Chr2p10997018","LG6",193.4444395
"Lcu.2RBY.Chr2p12180867","LG6",194.5994611
"Lcu.2RBY.Chr2p12643639","LG6",195.7544828
"Lcu.2RBY.Chr2p13058221","LG6",196.9638826
"Lcu.2RBY.Chr2p14764502","LG6",200.2770692
"Lcu.2RBY.Chr2p15192218","LG6",201.8778575
"Lcu.2RBY.Chr2p18728445","LG6",205.3548406
"Lcu.2RBY.Chr2p19934980","LG6",207.7144266
"Lcu.2RBY.Chr2p22107946","LG6",212.1151411
"Lcu.2RBY.Chr2p22799363","LG6",216.3612714
"Lcu.2RBY.Chr2p23454925","LG6",218.88429
"Lcu.2RBY.Chr2p25207700","LG6",219.9305633
"Lcu.2RBY.Chr2p30341962","LG6",222.6170684
"Lcu.2RBY.Chr2p27424887","LG6",225.0108106
"Lcu.2RBY.Chr2p33251383","LG6",226.7512543
"Lcu.2RBY.Chr2p36646813","LG6",227.9169243
"Lcu.2RBY.Chr2p36590767","LG6",228.0799684
"Lcu.2RBY.Chr2p39768112","LG6",229.1262417
"Lcu.2RBY.Chr2p37312323","LG6",230.0094106
"Lcu.2RBY.Chr7p507005958","LG6",232.5831099
"Lcu.2RBY.Chr7p504780064","LG6",233.3500118
"Lcu.2RBY.Chr7p507290014","LG6",233.6761034
"Lcu.2RBY.Chr7p511411366","LG6",235.2907038
"Lcu.2RBY.Chr7p492542257","LG6",238.6038904
"Lcu.2RBY.Chr7p493238115","LG6",239.0945214
"Lcu.2RBY.Chr7p491997690","LG6",239.0945214
"Lcu.2RBY.Chr7p487609332","LG6",240.1407947
"Lcu.2RBY.Chr7p485890242","LG6",241.0164217
"Lcu.2RBY.Chr7p482401260","LG6",242.4540158
"Lcu.2RBY.Chr7p475354745","LG6",244.3951167
"Lcu.2RBY.Chr7p487701700","LG6",246.1185339
"Lcu.2RBY.Chr7p488716152","LG6",248.3488835
"Lcu.2RBY.Chr7p488278624","LG6",249.6670486
"Lcu.2RBY.Chr7p487892261","LG6",249.9931401
"Lcu.2RBY.Chr7p323467256","LG6",255.0438936
"Lcu.2RBY.Chr7p325721621","LG6",257.318188
"Lcu.2RBY.Chr7p408874340","LG6",258.4294821
"Lcu.2RBY.Chr7p410741631","LG6",258.7555737
"Lcu.2RBY.Chr7p459067562","LG6",260.4789908
"Lcu.2RBY.Chr7p448692469","LG6",261.6883907
"Lcu.2RBY.Chr7p439378225","LG6",263.0172059
"Lcu.2RBY.Chr7p431907170","LG6",263.6165456
"Lcu.2RBY.Chr7p409928586","LG6",263.9426372
"Lcu.2RBY.Chr7p310277712","LG6",264.5419769
"Lcu.2RBY.Chr7p218364729","LG6",265.4176039
"Lcu.2RBY.Chr7p211951403","LG6",265.7436955
"Lcu.2RBY.Chr7p214449245","LG6",266.1799741
"Lcu.2RBY.Chr7p211953478","LG6",266.7793138
"Lcu.2RBY.Chr7p220367496","LG6",267.3786535
"Lcu.2RBY.Chr7p207668526","LG6",267.9779932
"Lcu.2RBY.Chr7p175655755","LG6",268.8536202
"Lcu.2RBY.Chr7p185301167","LG6",269.7292472
"Lcu.2RBY.Chr7p174096562","LG6",270.4417895
"Lcu.2RBY.Chr7p156261685","LG6",270.878068
"Lcu.2RBY.Chr7p151464979","LG6",271.4774077
"Lcu.2RBY.Chr7p66036729","LG6",273.2008249
"Lcu.2RBY.Chr7p79915602","LG6",273.9632385
"Lcu.2RBY.Chr7p55790649","LG6",275.9043394
"Lcu.2RBY.Chr7p54232457","LG6",276.7799664
"Lcu.2RBY.Chr7p53015895","LG6",277.106058
"Lcu.2RBY.Chr7p48661926","LG6",277.5423366
"Lcu.2RBY.Chr7p30911509","LG6",278.6973582
"Lcu.2RBY.Chr7p42482866","LG6",279.7360886
"Lcu.2RBY.Chr7p31294363","LG6",281.3368769
"Lcu.2RBY.Chr7p19895076","LG6",283.4038816
"Lcu.2RBY.Chr7p18095742","LG6",285.3075855
"Lcu.2RBY.Chr7p17719099","LG6",286.3538588
"Lcu.2RBY.Chr7p15833708","LG6",288.5500626
"Lcu.2RBY.Chr7p15655437","LG6",289.7050842
"Lcu.2RBY.Chr7p14548092","LG6",292.0646702
"Lcu.2RBY.Chr7p12148712","LG6",296.3108005
"Lcu.2RBY.Chr7p8026803","LG6",306.5732152
"Lcu.2RBY.Chr7p6298335","LG6",311.6239686
"Lcu.2RBY.Chr7p4197838","LG6",316.7317059
"Lcu.2RBY.Chr7p3543742","LG6",320.0448925
"Lcu.2RBY.Chr7p2243038","LG6",323.5013177
"Lcu.2RBY.Chr7p1621064","LG6",328.3954045
"Lcu.2RBY.Chr7p1324138","LG6",332.6549206
"Lcu.2RBY.Chr7p277013","LG6",340.7688824
"Lcu.2RBY.Chr7p482856","LG6",342.7099833
"Lcu.2RBY.Chr7p832244","LG6",345.8594443
"Lcu.2RBY.Chr7p1997825","LG6",351.4125467
"Lcu.2RBY.Chr7p4913828","LG6",362.5188251
"Lcu.2RBY.Chr7p4972532","LG6",362.7362177
"Lcu.2RBY.Chr7p7074489","LG6",367.4657462
"Lcu.2RBY.Chr7p7249222","LG6",368.3413732
"Lcu.2RBY.Chr7p10025723","LG6",374.445378
"Lcu.2RBY.Chr7p12771849","LG6",377.9223611
"Lcu.2RBY.Chr7p12521597","LG6",378.7979881
"Lcu.2RBY.Chr7p14792258","LG6",381.2901685
"Lcu.2RBY.Chr7p16048007","LG6",383.6497545
"Lcu.2RBY.Chr7p17616111","LG6",385.141743
"Lcu.2RBY.Chr7p16670392","LG6",385.3047871
"Lcu.2RBY.Chr7p19500136","LG6",387.6643731
"Lcu.2RBY.Chr7p23150709","LG6",388.1535191
"Lcu.2RBY.Chr7p20290853","LG6",388.7528588
"Lcu.2RBY.Chr7p31331792","LG6",389.9078805
"Lcu.2RBY.Chr7p39563176","LG6",390.233972
"Lcu.2RBY.Chr7p31212242","LG6",390.9963856
"Lcu.2RBY.Chr7p35280798","LG6",391.4855316
"Lcu.2RBY.Chr7p30110662","LG6",392.2479452
"Lcu.2RBY.Chr7p46093276","LG6",392.8472849
"Lcu.2RBY.Chr7p36819580","LG6",393.1733765
"Lcu.2RBY.Chr7p53017468","LG6",393.7727162
"Lcu.2RBY.Chr7p101095749","LG6",404.6706145
"Lcu.2RBY.Chr7p144883227","LG6",417.777115
"Lcu.2RBY.Chr7p166514798","LG6",422.1875138
"Lcu.2RBY.Chr7p169887059","LG6",422.7868535
"Lcu.2RBY.Chr7p178334373","LG6",423.1129451
"Lcu.2RBY.Chr7p187204441","LG6",423.6020911
"Lcu.2RBY.Chr7p171965817","LG6",423.9281827
"Lcu.2RBY.Chr7p184717419","LG6",423.9281827
"Lcu.2RBY.Chr7p181985900","LG6",423.9281827
"Lcu.2RBY.Chr7p210793714","LG6",424.2557593
"Lcu.2RBY.Chr7p247787289","LG6",424.855099
"Lcu.2RBY.Chr7p213690199","LG6",425.344245
"Lcu.2RBY.Chr7p327442528","LG6",426.1066586
"Lcu.2RBY.Chr7p249894506","LG6",426.8192008
"Lcu.2RBY.Chr7p201055627","LG6",427.6948279
"Lcu.2RBY.Chr7p146620816","LG6",428.3485239
"Lcu.2RBY.Chr7p149472450","LG6",428.6761005
"Lcu.2RBY.Chr7p155149759","LG6",429.1652465
"Lcu.2RBY.Chr7p157394502","LG6",429.6543926
"Lcu.2RBY.Chr7p152610523","LG6",430.1435386
"Lcu.2RBY.Chr7p135698057","LG6",430.9104406
"Lcu.2RBY.Chr7p93371684","LG6",431.3467192
"Lcu.2RBY.Chr7p101927003","LG6",431.9460589
"Lcu.2RBY.Chr7p128378433","LG6",432.4352049
"Lcu.2RBY.Chr7p425345798","LG6",433.7533699
"Lcu.2RBY.Chr7p386627914","LG6",434.5157835
"Lcu.2RBY.Chr7p384584631","LG6",434.8418751
"Lcu.2RBY.Chr7p428975927","LG6",435.0049191
"Lcu.2RBY.Chr7p437210017","LG6",435.6042588
"Lcu.2RBY.Chr7p380089284","LG6",436.2035985
"Lcu.2RBY.Chr7p435796036","LG6",436.6927446
"Lcu.2RBY.Chr7p369636028","LG6",437.4551581
"Lcu.2RBY.Chr7p388728624","LG6",438.0544978
"Lcu.2RBY.Chr7p443800051","LG6",439.5464864
"Lcu.2RBY.Chr7p442577525","LG6",440.4221134
"Lcu.2RBY.Chr7p454794135","LG6",441.184527
"Lcu.2RBY.Chr7p451205618","LG6",443.7075456
"Lcu.2RBY.Chr7p458335634","LG6",447.1845287
"Lcu.2RBY.Chr7p466139077","LG6",448.0601557
"Lcu.2RBY.Chr7p462058076","LG6",448.3862473
"Lcu.2RBY.Chr7p479168195","LG6",449.9870356
"Lcu.2RBY.Chr7p480782991","LG6",451.025766
"Lcu.2RBY.Chr7p485027856","LG6",451.901393
"Lcu.2RBY.Chr7p488281709","LG6",452.77702
"Lcu.2RBY.Chr7p488369098","LG6",457.9925415
"Lcu.2RBY.Chr7p499210140","LG6",464.2720561
"Lcu.2RBY.Chr7p501415730","LG6",466.2504892
"Lcu.2RBY.Chr7p502615206","LG6",466.5237159
"Lcu.2RBY.Chr7p501047543","LG6",467.9751193
"Lcu.2RBY.Chr7p502090079","LG6",468.3026959
"Lcu.2RBY.Chr2p34571796","LG6",469.1858648
"Lcu.2RBY.Chr2p34207773","LG6",469.1858648
"Lcu.2RBY.Chr2p36900534","LG6",470.0690338
"Lcu.2RBY.Chr2p37887315","LG6",470.2320778
"Lcu.2RBY.Chr2p37347270","LG6",470.3951219
"Lcu.2RBY.Chr2p38354833","LG6",470.7226984
"Lcu.2RBY.Chr2p39404205","LG6",471.3265262
"Lcu.2RBY.Chr2p42078096","LG6",471.5439188
"Lcu.2RBY.Chr2p42750148","LG6",471.7613115
"Lcu.2RBY.Chr2p45334181","LG6",472.6444805
"Lcu.2RBY.Chr2p51789181","LG6",473.2483082
"Lcu.2RBY.Chr2p48074695","LG6",473.5758847
"Lcu.2RBY.Chr2p57257908","LG6",474.4590537
"Lcu.2RBY.Chr2p63740837","LG6",475.3422226
"Lcu.2RBY.Chr2p70011379","LG6",475.6697992
"Lcu.2RBY.Chr2p80318326","LG6",475.9973757
"Lcu.2RBY.Chr2p75640612","LG6",476.3249523
"Lcu.2RBY.Chr2p88715692","LG6",476.3249523
"Lcu.2RBY.Chr2p95734126","LG6",476.6525289
"Lcu.2RBY.Chr2p73530474","LG6",476.9801054
"Lcu.2RBY.Chr2p103275506","LG6",477.1974981
"Lcu.2RBY.Chr2p79798391","LG6",477.3605421
"Lcu.2RBY.Chr2p109632692","LG6",477.7968207
"Lcu.2RBY.Chr2p123543272","LG6",477.9598648
"Lcu.2RBY.Chr2p122877010","LG6",477.9598648
"Lcu.2RBY.Chr2p125387384","LG6",478.5636925
"Lcu.2RBY.Chr2p127552105","LG6",478.7267366
"Lcu.2RBY.Chr2p140052122","LG6",479.2173677
"Lcu.2RBY.Chr2p142103221","LG6",479.5449442
"Lcu.2RBY.Chr2p134000483","LG6",482.2276398
"Lcu.2RBY.Chr2p182651415","LG6",486.4737701
"Lcu.2RBY.Chr2p184320497","LG6",487.9113642
"Lcu.2RBY.Chr2p185172345","LG6",489.3489582
"Lcu.2RBY.Chr2p182658812","LG6",490.8409468
"Lcu.2RBY.Chr2p207928855","LG6",491.4402865
"Lcu.2RBY.Chr2p228776080","LG6",491.7663781
"Lcu.2RBY.Chr2p295247246","LG6",492.3657178
"Lcu.2RBY.Chr2p288378666","LG6",492.6918094
"Lcu.2RBY.Chr2p291347120","LG6",493.1824405
"Lcu.2RBY.Chr2p287310496","LG6",493.8361365
"Lcu.2RBY.Chr2p212781177","LG6",494.4354762
"Lcu.2RBY.Chr2p226193395","LG6",494.7615678
"Lcu.2RBY.Chr4p272055046","LG6",496.090383
"Lcu.2RBY.Chr2p286016386","LG6",497.6911712
"Lcu.2RBY.Chr2p283924955","LG6",498.1803173
"Lcu.2RBY.Chr2p203401027","LG6",498.8340134
"Lcu.2RBY.Chr2p216921844","LG6",500.7377173
"Lcu.2RBY.Chr2p154158210","LG6",503.5839553
"Lcu.2RBY.Chr2p152560756","LG6",507.3924735
"Lcu.2RBY.Chr2p182530825","LG6",510.9957662
"Lcu.2RBY.Chr2p155133497","LG6",512.3245813
"Lcu.2RBY.Chr2p171618867","LG6",513.4902514
"Lcu.2RBY.Chr2p175456110","LG6",513.4902514
"Lcu.2RBY.Chr2p149123402","LG6",513.817828
"Lcu.2RBY.Chr2p150462670","LG6",514.1454045
"Lcu.2RBY.Chr2p166890598","LG6",514.3627972
"Lcu.2RBY.Chr2p133943190","LG6",514.6903737
"Lcu.2RBY.Chr2p138331662","LG6",514.9077664
"Lcu.2RBY.Chr2p136161728","LG6",515.233858
"Lcu.2RBY.Chr2p125192105","LG6",515.8376857
"Lcu.2RBY.Chr2p109156567","LG6",516.7208547
"Lcu.2RBY.Chr2p120309581","LG6",516.7208547
"Lcu.2RBY.Chr2p118876158","LG6",516.7208547
"Lcu.2RBY.Chr2p96903955","LG6",517.0484312
"Lcu.2RBY.Chr2p80096273","LG6",517.2658239
"Lcu.2RBY.Chr2p82705741","LG6",517.2658239
"Lcu.2RBY.Chr2p88716508","LG6",517.756455
"Lcu.2RBY.Chr2p77778194","LG6",518.2470861
"Lcu.2RBY.Chr2p84472327","LG6",518.2470861
"Lcu.2RBY.Chr2p52344825","LG6",519.9875298
"Lcu.2RBY.Chr2p58435414","LG6",520.8706987
"Lcu.2RBY.Chr2p57425099","LG6",521.7538677
"Lcu.2RBY.Chr2p59273840","LG6",522.6370366
"Lcu.2RBY.Chr2p66837379","LG6",523.5202056
"Lcu.2RBY.Chr2p93230917","LG6",524.4033745
"Lcu.2RBY.Chr2p99969502","LG6",526.9770737
"Lcu.2RBY.Chr2p106929328","LG6",532.1944439
"Lcu.2RBY.Chr2p146209899","LG6",535.7977366
"Lcu.2RBY.Chr2p145152637","LG6",536.5646386
"Lcu.2RBY.Chr2p140444813","LG6",537.2183346
"Lcu.2RBY.Chr2p136755990","LG6",539.4145384
"Lcu.2RBY.Chr2p157833831","LG6",539.7421149
"Lcu.2RBY.Chr2p163615861","LG6",539.7421149
"Lcu.2RBY.Chr2p151067038","LG6",539.905159
"Lcu.2RBY.Chr2p166248161","LG6",540.068203
"Lcu.2RBY.Chr2p172453045","LG6",540.2312471
"Lcu.2RBY.Chr2p175722915","LG6",540.5573387
"Lcu.2RBY.Chr2p172569771","LG6",541.0464847
"Lcu.2RBY.Chr2p171765280","LG6",541.3725763
"Lcu.2RBY.Chr2p178616993","LG6",541.5356203
"Lcu.2RBY.Chr2p225882867","LG6",541.8617119
"Lcu.2RBY.Chr2p238725789","LG6",542.4610516
"Lcu.2RBY.Chr2p229850460","LG6",542.7871432
"Lcu.2RBY.Chr2p220251363","LG6",542.9501873
"Lcu.2RBY.Chr2p236571239","LG6",543.1132313
"Lcu.2RBY.Chr2p223244375","LG6",543.4393229
"Lcu.2RBY.Chr2p204446166","LG6",543.9284689
"Lcu.2RBY.Chr2p213125109","LG6",544.417615
"Lcu.2RBY.Chr2p228004938","LG6",544.906761
"Lcu.2RBY.Chr2p184161699","LG6",545.2328526
"Lcu.2RBY.Chr2p186708292","LG6",545.5589442
"Lcu.2RBY.Chr2p188882989","LG6",545.9952228
"Lcu.2RBY.Chr2p234585661","LG6",546.5945625
"Lcu.2RBY.Chr2p296958126","LG6",547.4701895
"Lcu.2RBY.Chr2p295310961","LG6",547.9593355
"Lcu.2RBY.Chr2p296172189","LG6",548.6115464
"Lcu.2RBY.Chr2p297171314","LG6",549.3196004
"Lcu.2RBY.Chr2p297400332","LG6",549.8087464
"Lcu.2RBY.Chr2p299116940","LG6",550.9637681
"Lcu.2RBY.Chr2p299466056","LG6",551.6763104
"Lcu.2RBY.Chr2p307723099","LG6",552.5519374
"Lcu.2RBY.Chr2p308627278","LG6",554.9115234
"Lcu.2RBY.Chr2p310719324","LG6",557.5671798
"Lcu.2RBY.Chr2p321774324","LG6",558.0563258
"Lcu.2RBY.Chr2p325261363","LG6",558.3824174
"Lcu.2RBY.Chr2p329290183","LG6",558.709994
"Lcu.2RBY.Chr2p328219441","LG6",558.873038
"Lcu.2RBY.Chr2p336015028","LG6",559.63994
"Lcu.2RBY.Chr2p338375068","LG6",559.9660316
"Lcu.2RBY.Chr2p334250157","LG6",560.2921232
"Lcu.2RBY.Chr2p337582514","LG6",560.6196997
"Lcu.2RBY.Chr2p343553200","LG6",561.1691724
"Lcu.2RBY.Chr2p343369018","LG6",561.496749
"Lcu.2RBY.Chr2p347203911","LG6",562.1005767
"Lcu.2RBY.Chr2p348913112","LG6",562.5912078
"Lcu.2RBY.Chr2p349020708","LG6",563.920023
"Lcu.2RBY.Chr2p363539223","LG6",565.898456
"Lcu.2RBY.Chr2p362274118","LG6",566.5022837
"Lcu.2RBY.Chr2p380360088","LG6",568.2801154
"Lcu.2RBY.Chr2p378549624","LG6",568.7707465
"Lcu.2RBY.Chr2p389496145","LG6",569.8170197
"Lcu.2RBY.Chr2p389942969","LG6",570.863293
"Lcu.2RBY.Chr2p390253154","LG6",571.9020234
"Lcu.2RBY.Chr2p364920802","LG6",579.4556132
"Lcu.2RBY.Chr2p351844158","LG6",585.9333307
"Lcu.2RBY.Chr2p353645330","LG6",591.8267436
"Lcu.2RBY.Chr2p356589172","LG6",598.2860871
"Lcu.2RBY.Chr2p349527759","LG6",600.0265308
"Lcu.2RBY.Chr2p347461004","LG6",600.5760034
"Lcu.2RBY.Chr2p329995498","LG6",602.0274068
"Lcu.2RBY.Chr2p327466483","LG6",602.9030338
"Lcu.2RBY.Chr2p312570599","LG6",603.9417642
"Lcu.2RBY.Chr2p310325733","LG6",604.7041778
"Lcu.2RBY.Chr2p309818405","LG6",605.4122318
"Lcu.2RBY.Chr2p308661278","LG6",606.4509622
"Lcu.2RBY.Chr2p341326575","LG6",608.9739808
"Lcu.2RBY.Chr2p345087375","LG6",610.4659693
"Lcu.2RBY.Chr2p354403531","LG6",611.5122426
"Lcu.2RBY.Chr2p368656491","LG6",613.4159465
"Lcu.2RBY.Chr2p368060023","LG6",613.8522251
"Lcu.2RBY.Chr2p375189294","LG6",615.1810403
"Lcu.2RBY.Chr2p378382341","LG6",616.6730289
"Lcu.2RBY.Chr2p379322859","LG6",618.1106229
"Lcu.2RBY.Chr2p392372100","LG6",620.1776277
"Lcu.2RBY.Chr2p392731477","LG6",621.3870276
"Lcu.2RBY.Chr2p394104505","LG6",622.3170201
"Lcu.2RBY.Chr2p393704027","LG6",622.8076512
"Lcu.2RBY.Chr2p400243723","LG6",623.4069909
"Lcu.2RBY.Chr2p406135298","LG6",623.7330825
"Lcu.2RBY.Chr2p404337685","LG6",623.8961266
"Lcu.2RBY.Chr2p395215413","LG6",624.2222181
"Lcu.2RBY.Chr2p410575841","LG6",624.8215578
"Lcu.2RBY.Chr2p408267192","LG6",626.2729612
"Lcu.2RBY.Chr2p411693305","LG6",626.4360053
"Lcu.2RBY.Chr2p409727781","LG6",627.035345
"Lcu.2RBY.Chr2p393894690","LG6",628.1284479
"Lcu.2RBY.Chr2p404846395","LG6",629.3303038
"Lcu.2RBY.Chr2p399851777","LG6",629.9825147
"Lcu.2RBY.Chr2p413364294","LG6",630.8656836
"Lcu.2RBY.Chr2p419599978","LG6",632.480284
"Lcu.2RBY.Chr2p421708858","LG6",633.247186
"Lcu.2RBY.Chr2p426980553","LG6",633.8510137
"Lcu.2RBY.Chr2p425986069","LG6",634.0684064
"Lcu.2RBY.Chr2p415602802","LG6",636.1354111
"Lcu.2RBY.Chr2p422741957","LG6",636.7891072
"Lcu.2RBY.Chr2p425106863","LG6",637.1151988
"Lcu.2RBY.Chr2p431200870","LG6",638.161472
"Lcu.2RBY.Chr2p437285098","LG6",640.521058
"Lcu.2RBY.Chr2p438061210","LG6",643.4763581
"Lcu.2RBY.Chr2p438852982","LG6",644.24326
"Lcu.2RBY.Chr2p450495137","LG6",646.146964
"Lcu.2RBY.Chr2p458220891","LG6",646.9138659
"Lcu.2RBY.Chr2p462137966","LG6",647.3501445
"Lcu.2RBY.Chr2p470757710","LG6",647.7864231
"Lcu.2RBY.Chr2p468638254","LG6",648.2227017
"Lcu.2RBY.Chr2p470271763","LG6",648.3857458
"Lcu.2RBY.Chr2p481951789","LG6",648.9895735
"Lcu.2RBY.Chr2p481762299","LG6",649.5934012
"Lcu.2RBY.Chr2p473256738","LG6",651.0448046
"Lcu.2RBY.Chr2p486050529","LG6",652.3736198
"Lcu.2RBY.Chr2p485390875","LG6",653.4198931
"Lcu.2RBY.Chr2p493562626","LG6",655.323597
"Lcu.2RBY.Chr2p532745415","LG6",655.323597
"Lcu.2RBY.Chr2p534366029","LG6",655.323597
"Lcu.2RBY.Chr2p527141914","LG6",655.4866411
"Lcu.2RBY.Chr2p517676095","LG6",656.5329143
"Lcu.2RBY.Chr2p495638428","LG6",657.4160833
"Lcu.2RBY.Chr2p494808834","LG6",659.7993094
"Lcu.2RBY.Chr2p518705183","LG6",663.4026021
"Lcu.2RBY.Chr2p518282943","LG6",663.7301786
"Lcu.2RBY.Chr2p504054285","LG6",663.9475713
"Lcu.2RBY.Chr2p530863991","LG6",664.164964
"Lcu.2RBY.Chr2p468543906","LG6",665.7795643
"Lcu.2RBY.Chr2p458448842","LG6",666.5464663
"Lcu.2RBY.Chr2p450331934","LG6",667.7121364
"Lcu.2RBY.Chr2p456774445","LG6",669.7450047
"Lcu.2RBY.Chr2p465980221","LG6",671.4854484
"Lcu.2RBY.Chr2p461805436","LG6",671.6484925
"Lcu.2RBY.Chr2p479689581","LG6",672.6947657
"Lcu.2RBY.Chr2p482304542","LG6",673.5703928
"Lcu.2RBY.Chr2p534937767","LG6",674.616666
"Lcu.2RBY.Chr2p515139099","LG6",674.7797101
"Lcu.2RBY.Chr2p500783193","LG6",674.9427541
"Lcu.2RBY.Chr2p497731250","LG6",674.9427541
"Lcu.2RBY.Chr2p513170029","LG6",675.4333852
"Lcu.2RBY.Chr2p519928920","LG6",677.3370892
"Lcu.2RBY.Chr2p491419852","LG6",677.9364289
"Lcu.2RBY.Chr2p537683323","LG6",678.8120559
"Lcu.2RBY.Chr2p541443745","LG6",679.8583291
"Lcu.2RBY.Chr2p549269982","LG6",680.4576688
"Lcu.2RBY.Chr2p547189648","LG6",680.8939474
"Lcu.2RBY.Chr2p546220091","LG6",681.0569915
"Lcu.2RBY.Chr2p541623711","LG6",682.7974352
"Lcu.2RBY.Chr2p541556883","LG6",682.7974352
"Lcu.2RBY.Chr2p547654633","LG6",683.0148279
"Lcu.2RBY.Chr2p544164086","LG6",683.3424044
"Lcu.2RBY.Chr2p548207288","LG6",684.3886777
"Lcu.2RBY.Chr2p554964168","LG6",686.003278
"Lcu.2RBY.Chr2p556521052","LG6",686.77018
"Lcu.2RBY.Chr2p557657004","LG6",687.3740077
"Lcu.2RBY.Chr2p562485879","LG6",696.4466451
"Lcu.2RBY.Chr2p572929271","LG6",705.9129913
"Lcu.2RBY.Chr2p570850083","LG6",706.2405679
"Lcu.2RBY.Chr2p576016121","LG6",706.5681445
"Lcu.2RBY.Chr2p577351003","LG6",706.895721
"Lcu.2RBY.Chr2p576755225","LG6",707.1131137
"Lcu.2RBY.Chr2p574061643","LG6",707.7169414
"Lcu.2RBY.Chr2p558265277","LG6",709.1683448
"Lcu.2RBY.Chr2p561744631","LG6",710.6197482
"Lcu.2RBY.Chr2p556257484","LG6",711.5029172
"Lcu.2RBY.Chr2p553686645","LG6",712.1566132
"Lcu.2RBY.Chr2p553357514","LG6",712.7559529
"Lcu.2RBY.Chr2p561613611","LG6",713.6315799
"Lcu.2RBY.Chr2p563222815","LG6",714.5147489
"Lcu.2RBY.Chr2p567599955","LG6",715.3435541
"Lcu.2RBY.Chr2p567805459","LG6",715.6167808
"Lcu.2RBY.Chr2p570967747","LG6",715.9443574
"Lcu.2RBY.Chr2p571750583","LG6",716.1617501
"Lcu.2RBY.Chr2p565351845","LG6",716.3791427
"Lcu.2RBY.Chr2p582040346","LG6",717.5448128
"Lcu.2RBY.Chr2p582197053","LG6",721.7812643
"Lcu.2RBY.Chr2p585563903","LG6",727.2185033
"Lcu.2RBY.Chr2p585637645","LG6",729.8741598
"Lcu.2RBY.Chr2p585971742","LG6",730.920433
"Lcu.2RBY.Chr2p586502587","LG6",732.824137
"Lcu.2RBY.Chr2p589962570","LG6",734.8911417
"Lcu.2RBY.Chr2p590267684","LG6",737.0873454
"Lcu.2RBY.Chr2p590780565","LG6",738.5387488
"Lcu.2RBY.Chr2p592422644","LG6",739.4687414
"Lcu.2RBY.Chr2p592079427","LG6",742.0154077
"Lcu.2RBY.Chr2p593250240","LG6",743.1810778
"Lcu.2RBY.Chr2p596112906","LG6",748.3984479
"Lcu.2RBY.Chr2p599643690","LG6",755.0420323
"Lcu.2RBY.Chr2p600243340","LG6",756.0883056
"Lcu.2RBY.Chr2p601249574","LG6",758.4715317
"Lcu.2RBY.Chr2p601437596","LG6",763.2479126
"Lcu.2RBY.Chr2p602343560","LG6",768.1340072
"Lcu.2RBY.Chr2p603534918","LG6",769.8744509
"Lcu.2RBY.Chr2p603823735","LG6",770.2020274
"Lcu.2RBY.Chr2p604979928","LG6",771.2483007
"Lcu.2RBY.Chr2p605328094","LG6",773.1520046
"Lcu.2RBY.Chr2p606236014","LG6",776.6460532
"Lcu.2RBY.Chr2p606130464","LG6",776.6460532
"Lcu.2RBY.Chr2p606752606","LG6",777.5292221
"Lcu.2RBY.Chr2p607384579","LG6",778.6405162
"Lcu.2RBY.Chr2p607973889","LG6",780.8367199
"Lcu.2RBY.Chr2p607782694","LG6",781.8829932
"Lcu.2RBY.Chr2p608767796","LG6",782.7661621
"Lcu.2RBY.Chr2p608702591","LG6",784.4521942
"Lcu.2RBY.Chr2p607702763","LG6",785.6178642
"Lcu.2RBY.Chr2p609209031","LG6",788.3005598
"Lcu.2RBY.Chr2p609436569","LG6",790.5748542
"Lcu.2RBY.Chr2p609789510","LG6",792.771058
"Lcu.2RBY.Chr2p610143610","LG6",793.8173312
"Lcu.2RBY.Chr2p610523456","LG6",794.6461364
"Lcu.2RBY.Chr2p610915013","LG6",797.0293625
"Lcu.2RBY.Chr2p612732031","LG6",800.3220003
"Lcu.2RBY.Chr2p612550365","LG6",802.7052264
"Lcu.2RBY.Chr2p612680804","LG6",803.1958575
