"REF_DATE","GEO","DGUID","Gender (3)","Age (15C)","Statistics (3)","Place of birth (290)","Non-permanent resident type (10)","UOM","UOM_ID","SCALAR_FACTOR","SCALAR_ID","VECTOR","COORDINATE","VALUE","STATUS","SYMBOL","TERMINATED","DECIMALS"
"2021","Canada","2021A000011124","Total - Gender","Total - Age","Count","Outside Canada","Total - Non-permanent resident type","","0","units","0","","1.1.1.1.16.1","9606595","","","","0"
"2021","Canada","2021A000011124","Total - Gender","Total - Age","Count","Americas","Total - Non-permanent resident type","","0","units","0","","1.1.1.1.17.1","1481380","","","","0"
"2021","Canada","2021A000011124","Total - Gender","Total - Age","Count","North America","Total - Non-permanent resident type","","0","units","0","","1.1.1.1.18.1","373925","","","","0"
"2021","Canada","2021A000011124","Total - Gender","Total - Age","Count","Greenland","Total - Non-permanent resident type","","0","units","0","","1.1.1.1.19.1","30","","","","0"
"2021","Canada","2021A000011124","Total - Gender","Total - Age","Count","Saint Pierre and Miquelon","Total - Non-permanent resident type","","0","units","0","","1.1.1.1.20.1","510","","","","0"
"2021","Canada","2021A000011124","Total - Gender","Total - Age","Count","United States of America","Total - Non-permanent resident type","","0","units","0","","1.1.1.1.21.1","373380","","","","0"
"2021","Canada","2021A000011124","Total - Gender","Total - Age","Count","Central America","Total - Non-permanent resident type","","0","units","0","","1.1.1.1.22.1","239910","","","","0"
"2021","Canada","2021A000011124","Total - Gender","Total - Age","Count","Belize","Total - Non-permanent resident type","","0","units","0","","1.1.1.1.23.1","2940","","","","0"
"2021","Canada","2021A000011124","Total - Gender","Total - Age","Count","Costa Rica","Total - Non-permanent resident type","","0","units","0","","1.1.1.1.24.1","5890","","","","0"
"2021","Canada","2021A000011124","Total - Gender","Total - Age","Count","El Salvador","Total - Non-permanent resident type","","0","units","0","","1.1.1.1.25.1","51700","","","","0"
"2021","Canada","2021A000011124","Total - Gender","Total - Age","Count","Guatemala","Total - Non-permanent resident type","","0","units","0","","1.1.1.1.26.1","21150","","","","0"
"2021","Canada","2021A000011124","Total - Gender","Total - Age","Count","Honduras","Total - Non-permanent resident type","","0","units","0","","1.1.1.1.27.1","10455","","","","0"
"2021","Canada","2021A000011124","Total - Gender","Total - Age","Count","Mexico","Total - Non-permanent resident type","","0","units","0","","1.1.1.1.28.1","132220","","","","0"
"2021","Canada","2021A000011124","Total - Gender","Total - Age","Count","Nicaragua","Total - Non-permanent resident type","","0","units","0","","1.1.1.1.29.1","12220","","","","0"
"2021","Canada","2021A000011124","Total - Gender","Total - Age","Count","Panama","Total - Non-permanent resident type","","0","units","0","","1.1.1.1.30.1","3335","","","","0"
"2021","Canada","2021A000011124","Total - Gender","Total - Age","Count","Caribbean and Bermuda","Total - Non-permanent resident type","","0","units","0","","1.1.1.1.31.1","441175","","","","0"
"2021","Canada","2021A000011124","Total - Gender","Total - Age","Count","Anguilla","Total - Non-permanent resident type","","0","units","0","","1.1.1.1.32.1","90","","","","0"
"2021","Canada","2021A000011124","Total - Gender","Total - Age","Count","Antigua and Barbuda","Total - Non-permanent resident type","","0","units","0","","1.1.1.1.33.1","2675","","","","0"
"2021","Canada","2021A000011124","Total - Gender","Total - Age","Count","Aruba","Total - Non-permanent resident type","","0","units","0","","1.1.1.1.34.1","575","","","","0"
"2021","Canada","2021A000011124","Total - Gender","Total - Age","Count","Bahamas","Total - Non-permanent resident type","","0","units","0","","1.1.1.1.35.1","4955","","","","0"
"2021","Canada","2021A000011124","Total - Gender","Total - Age","Count","Barbados","Total - Non-permanent resident type","","0","units","0","","1.1.1.1.36.1","14935","","","","0"
"2021","Canada","2021A000011124","Total - Gender","Total - Age","Count","Bermuda","Total - Non-permanent resident type","","0","units","0","","1.1.1.1.37.1","3415","","","","0"
"2021","Canada","2021A000011124","Total - Gender","Total - Age","Count","Bonaire, Sint Eustatius and Saba","Total - Non-permanent resident type","","0","units","0","","1.1.1.1.38.1","20","","","","0"
"2021","Canada","2021A000011124","Total - Gender","Total - Age","Count","Cayman Islands","Total - Non-permanent resident type","","0","units","0","","1.1.1.1.39.1","690","","","","0"
"2021","Canada","2021A000011124","Total - Gender","Total - Age","Count","Cuba","Total - Non-permanent resident type","","0","units","0","","1.1.1.1.40.1","21245","","","","0"
"2021","Canada","2021A000011124","Total - Gender","Total - Age","Count","Curaçao","Total - Non-permanent resident type","","0","units","0","","1.1.1.1.41.1","515","","","","0"
"2021","Canada","2021A000011124","Total - Gender","Total - Age","Count","Dominica","Total - Non-permanent resident type","","0","units","0","","1.1.1.1.42.1","3115","","","","0"
"2021","Canada","2021A000011124","Total - Gender","Total - Age","Count","Dominican Republic","Total - Non-permanent resident type","","0","units","0","","1.1.1.1.43.1","15640","","","","0"
"2021","Canada","2021A000011124","Total - Gender","Total - Age","Count","Grenada","Total - Non-permanent resident type","","0","units","0","","1.1.1.1.44.1","10110","","","","0"
"2021","Canada","2021A000011124","Total - Gender","Total - Age","Count","Guadeloupe","Total - Non-permanent resident type","","0","units","0","","1.1.1.1.45.1","1185","","","","0"
"2021","Canada","2021A000011124","Total - Gender","Total - Age","Count","Haiti","Total - Non-permanent resident type","","0","units","0","","1.1.1.1.46.1","113025","","","","0"
"2021","Canada","2021A000011124","Total - Gender","Total - Age","Count","Jamaica","Total - Non-permanent resident type","","0","units","0","","1.1.1.1.47.1","154755","","","","0"
"2021","Canada","2021A000011124","Total - Gender","Total - Age","Count","Martinique","Total - Non-permanent resident type","","0","units","0","","1.1.1.1.48.1","1155","","","","0"
"2021","Canada","2021A000011124","Total - Gender","Total - Age","Count","Montserrat","Total - Non-permanent resident type","","0","units","0","","1.1.1.1.49.1","600","","","","0"
"2021","Canada","2021A000011124","Total - Gender","Total - Age","Count","Puerto Rico","Total - Non-permanent resident type","","0","units","0","","1.1.1.1.50.1","700","","","","0"
"2021","Canada","2021A000011124","Total - Gender","Total - Age","Count","Saint Kitts and Nevis","Total - Non-permanent resident type","","0","units","0","","1.1.1.1.52.1","2110","","","","0"
"2021","Canada","2021A000011124","Total - Gender","Total - Age","Count","Saint Lucia","Total - Non-permanent resident type","","0","units","0","","1.1.1.1.53.1","7295","","","","0"
"2021","Canada","2021A000011124","Total - Gender","Total - Age","Count","Saint Martin (French part)","Total - Non-permanent resident type","","0","units","0","","1.1.1.1.54.1","165","","","","0"
"2021","Canada","2021A000011124","Total - Gender","Total - Age","Count","Saint Vincent and the Grenadines","Total - Non-permanent resident type","","0","units","0","","1.1.1.1.55.1","14445","","","","0"
"2021","Canada","2021A000011124","Total - Gender","Total - Age","Count","Sint Maarten (Dutch part)","Total - Non-permanent resident type","","0","units","0","","1.1.1.1.56.1","190","","","","0"
"2021","Canada","2021A000011124","Total - Gender","Total - Age","Count","Trinidad and Tobago","Total - Non-permanent resident type","","0","units","0","","1.1.1.1.57.1","67160","","","","0"
"2021","Canada","2021A000011124","Total - Gender","Total - Age","Count","Turks and Caicos Islands","Total - Non-permanent resident type","","0","units","0","","1.1.1.1.58.1","175","","","","0"
"2021","Canada","2021A000011124","Total - Gender","Total - Age","Count","Virgin Islands, British","Total - Non-permanent resident type","","0","units","0","","1.1.1.1.59.1","140","","","","0"
"2021","Canada","2021A000011124","Total - Gender","Total - Age","Count","Virgin Islands, United States","Total - Non-permanent resident type","","0","units","0","","1.1.1.1.60.1","85","","","","0"
"2021","Canada","2021A000011124","Total - Gender","Total - Age","Count","South America","Total - Non-permanent resident type","","0","units","0","","1.1.1.1.61.1","426365","","","","0"
"2021","Canada","2021A000011124","Total - Gender","Total - Age","Count","Argentina","Total - Non-permanent resident type","","0","units","0","","1.1.1.1.62.1","21515","","","","0"
"2021","Canada","2021A000011124","Total - Gender","Total - Age","Count","Bolivia","Total - Non-permanent resident type","","0","units","0","","1.1.1.1.63.1","5530","","","","0"
"2021","Canada","2021A000011124","Total - Gender","Total - Age","Count","Brazil","Total - Non-permanent resident type","","0","units","0","","1.1.1.1.64.1","77705","","","","0"
"2021","Canada","2021A000011124","Total - Gender","Total - Age","Count","Chile","Total - Non-permanent resident type","","0","units","0","","1.1.1.1.65.1","31565","","","","0"
"2021","Canada","2021A000011124","Total - Gender","Total - Age","Count","Colombia","Total - Non-permanent resident type","","0","units","0","","1.1.1.1.66.1","99170","","","","0"
"2021","Canada","2021A000011124","Total - Gender","Total - Age","Count","Ecuador","Total - Non-permanent resident type","","0","units","0","","1.1.1.1.67.1","18995","","","","0"
"2021","Canada","2021A000011124","Total - Gender","Total - Age","Count","Falkland Islands (Malvinas)","Total - Non-permanent resident type","","0","units","0","","1.1.1.1.68.1","15","","","","0"
"2021","Canada","2021A000011124","Total - Gender","Total - Age","Count","French Guiana","Total - Non-permanent resident type","","0","units","0","","1.1.1.1.69.1","280","","","","0"
"2021","Canada","2021A000011124","Total - Gender","Total - Age","Count","Guyana","Total - Non-permanent resident type","","0","units","0","","1.1.1.1.70.1","87370","","","","0"
"2021","Canada","2021A000011124","Total - Gender","Total - Age","Count","Paraguay","Total - Non-permanent resident type","","0","units","0","","1.1.1.1.71.1","7925","","","","0"
"2021","Canada","2021A000011124","Total - Gender","Total - Age","Count","Peru","Total - Non-permanent resident type","","0","units","0","","1.1.1.1.72.1","34655","","","","0"
"2021","Canada","2021A000011124","Total - Gender","Total - Age","Count","Suriname","Total - Non-permanent resident type","","0","units","0","","1.1.1.1.74.1","1040","","","","0"
"2021","Canada","2021A000011124","Total - Gender","Total - Age","Count","Uruguay","Total - Non-permanent resident type","","0","units","0","","1.1.1.1.75.1","6890","","","","0"
"2021","Canada","2021A000011124","Total - Gender","Total - Age","Count","Venezuela","Total - Non-permanent resident type","","0","units","0","","1.1.1.1.76.1","33715","","","","0"
"2021","Canada","2021A000011124","Total - Gender","Total - Age","Count","Europe","Total - Non-permanent resident type","","0","units","0","","1.1.1.1.77.1","2163155","","","","0"
"2021","Canada","2021A000011124","Total - Gender","Total - Age","Count","Western Europe","Total - Non-permanent resident type","","0","units","0","","1.1.1.1.78.1","469605","","","","0"
"2021","Canada","2021A000011124","Total - Gender","Total - Age","Count","Austria","Total - Non-permanent resident type","","0","units","0","","1.1.1.1.79.1","14855","","","","0"
"2021","Canada","2021A000011124","Total - Gender","Total - Age","Count","Belgium","Total - Non-permanent resident type","","0","units","0","","1.1.1.1.80.1","21990","","","","0"
"2021","Canada","2021A000011124","Total - Gender","Total - Age","Count","France","Total - Non-permanent resident type","","0","units","0","","1.1.1.1.81.1","177715","","","","0"
"2021","Canada","2021A000011124","Total - Gender","Total - Age","Count","Germany","Total - Non-permanent resident type","","0","units","0","","1.1.1.1.82.1","152485","","","","0"
"2021","Canada","2021A000011124","Total - Gender","Total - Age","Count","Liechtenstein","Total - Non-permanent resident type","","0","units","0","","1.1.1.1.83.1","20","","","","0"
"2021","Canada","2021A000011124","Total - Gender","Total - Age","Count","Luxembourg","Total - Non-permanent resident type","","0","units","0","","1.1.1.1.84.1","650","","","","0"
"2021","Canada","2021A000011124","Total - Gender","Total - Age","Count","Monaco","Total - Non-permanent resident type","","0","units","0","","1.1.1.1.85.1","235","","","","0"
"2021","Canada","2021A000011124","Total - Gender","Total - Age","Count","Netherlands","Total - Non-permanent resident type","","0","units","0","","1.1.1.1.86.1","79875","","","","0"
"2021","Canada","2021A000011124","Total - Gender","Total - Age","Count","Switzerland","Total - Non-permanent resident type","","0","units","0","","1.1.1.1.87.1","21790","","","","0"
"2021","Canada","2021A000011124","Total - Gender","Total - Age","Count","Eastern Europe","Total - Non-permanent resident type","","0","units","0","","1.1.1.1.88.1","535430","","","","0"
"2021","Canada","2021A000011124","Total - Gender","Total - Age","Count","Belarus","Total - Non-permanent resident type","","0","units","0","","1.1.1.1.89.1","12670","","","","0"
"2021","Canada","2021A000011124","Total - Gender","Total - Age","Count","Bulgaria","Total - Non-permanent resident type","","0","units","0","","1.1.1.1.90.1","19700","","","","0"
"2021","Canada","2021A000011124","Total - Gender","Total - Age","Count","Czechia","Total - Non-permanent resident type","","0","units","0","","1.1.1.1.91.1","20700","","","","0"
"2021","Canada","2021A000011124","Total - Gender","Total - Age","Count","Estonia","Total - Non-permanent resident type","","0","units","0","","1.1.1.1.92.1","2710","","","","0"
"2021","Canada","2021A000011124","Total - Gender","Total - Age","Count","Hungary","Total - Non-permanent resident type","","0","units","0","","1.1.1.1.93.1","33355","","","","0"
"2021","Canada","2021A000011124","Total - Gender","Total - Age","Count","Latvia","Total - Non-permanent resident type","","0","units","0","","1.1.1.1.94.1","5310","","","","0"
"2021","Canada","2021A000011124","Total - Gender","Total - Age","Count","Lithuania","Total - Non-permanent resident type","","0","units","0","","1.1.1.1.95.1","5310","","","","0"
"2021","Canada","2021A000011124","Total - Gender","Total - Age","Count","Moldova","Total - Non-permanent resident type","","0","units","0","","1.1.1.1.96.1","20470","","","","0"
"2021","Canada","2021A000011124","Total - Gender","Total - Age","Count","Poland","Total - Non-permanent resident type","","0","units","0","","1.1.1.1.97.1","137605","","","","0"
"2021","Canada","2021A000011124","Total - Gender","Total - Age","Count","Romania","Total - Non-permanent resident type","","0","units","0","","1.1.1.1.98.1","88645","","","","0"
"2021","Canada","2021A000011124","Total - Gender","Total - Age","Count","Russian Federation","Total - Non-permanent resident type","","0","units","0","","1.1.1.1.99.1","87380","","","","0"
"2021","Canada","2021A000011124","Total - Gender","Total - Age","Count","Slovakia","Total - Non-permanent resident type","","0","units","0","","1.1.1.1.100.1","14060","","","","0"
"2021","Canada","2021A000011124","Total - Gender","Total - Age","Count","Ukraine","Total - Non-permanent resident type","","0","units","0","","1.1.1.1.101.1","87505","","","","0"
"2021","Canada","2021A000011124","Total - Gender","Total - Age","Count","Northern Europe","Total - Non-permanent resident type","","0","units","0","","1.1.1.1.102.1","576280","","","","0"
"2021","Canada","2021A000011124","Total - Gender","Total - Age","Count","Denmark","Total - Non-permanent resident type","","0","units","0","","1.1.1.1.104.1","11850","","","","0"
"2021","Canada","2021A000011124","Total - Gender","Total - Age","Count","Faroe Islands","Total - Non-permanent resident type","","0","units","0","","1.1.1.1.105.1","25","","","","0"
"2021","Canada","2021A000011124","Total - Gender","Total - Age","Count","Finland","Total - Non-permanent resident type","","0","units","0","","1.1.1.1.106.1","9090","","","","0"
"2021","Canada","2021A000011124","Total - Gender","Total - Age","Count","Guernsey","Total - Non-permanent resident type","","0","units","0","","1.1.1.1.107.1","190","","","","0"
"2021","Canada","2021A000011124","Total - Gender","Total - Age","Count","Iceland","Total - Non-permanent resident type","","0","units","0","","1.1.1.1.108.1","750","","","","0"
"2021","Canada","2021A000011124","Total - Gender","Total - Age","Count","Ireland","Total - Non-permanent resident type","","0","units","0","","1.1.1.1.109.1","34950","","","","0"
"2021","Canada","2021A000011124","Total - Gender","Total - Age","Count","Isle of Man","Total - Non-permanent resident type","","0","units","0","","1.1.1.1.110.1","415","","","","0"
"2021","Canada","2021A000011124","Total - Gender","Total - Age","Count","Jersey","Total - Non-permanent resident type","","0","units","0","","1.1.1.1.111.1","460","","","","0"
"2021","Canada","2021A000011124","Total - Gender","Total - Age","Count","Norway","Total - Non-permanent resident type","","0","units","0","","1.1.1.1.112.1","4590","","","","0"
"2021","Canada","2021A000011124","Total - Gender","Total - Age","Count","Sweden","Total - Non-permanent resident type","","0","units","0","","1.1.1.1.115.1","7920","","","","0"
"2021","Canada","2021A000011124","Total - Gender","Total - Age","Count","United Kingdom","Total - Non-permanent resident type","","0","units","0","","1.1.1.1.116.1","506035","","","","0"
"2021","Canada","2021A000011124","Total - Gender","Total - Age","Count","Southern Europe","Total - Non-permanent resident type","","0","units","0","","1.1.1.1.117.1","581840","","","","0"
"2021","Canada","2021A000011124","Total - Gender","Total - Age","Count","Albania","Total - Non-permanent resident type","","0","units","0","","1.1.1.1.118.1","19685","","","","0"
"2021","Canada","2021A000011124","Total - Gender","Total - Age","Count","Andorra","Total - Non-permanent resident type","","0","units","0","","1.1.1.1.119.1","65","","","","0"
"2021","Canada","2021A000011124","Total - Gender","Total - Age","Count","Bosnia and Herzegovina","Total - Non-permanent resident type","","0","units","0","","1.1.1.1.120.1","36325","","","","0"
"2021","Canada","2021A000011124","Total - Gender","Total - Age","Count","Croatia","Total - Non-permanent resident type","","0","units","0","","1.1.1.1.121.1","37745","","","","0"
"2021","Canada","2021A000011124","Total - Gender","Total - Age","Count","Gibraltar","Total - Non-permanent resident type","","0","units","0","","1.1.1.1.122.1","225","","","","0"
"2021","Canada","2021A000011124","Total - Gender","Total - Age","Count","Greece","Total - Non-permanent resident type","","0","units","0","","1.1.1.1.123.1","58410","","","","0"
"2021","Canada","2021A000011124","Total - Gender","Total - Age","Count","Holy See (Vatican City State)","Total - Non-permanent resident type","","0","units","0","","1.1.1.1.124.1","10","","","","0"
"2021","Canada","2021A000011124","Total - Gender","Total - Age","Count","Italy","Total - Non-permanent resident type","","0","units","0","","1.1.1.1.125.1","212795","","","","0"
"2021","Canada","2021A000011124","Total - Gender","Total - Age","Count","Kosovo","Total - Non-permanent resident type","","0","units","0","","1.1.1.1.126.1","8795","","","","0"
"2021","Canada","2021A000011124","Total - Gender","Total - Age","Count","Malta","Total - Non-permanent resident type","","0","units","0","","1.1.1.1.127.1","6570","","","","0"
"2021","Canada","2021A000011124","Total - Gender","Total - Age","Count","Montenegro","Total - Non-permanent resident type","","0","units","0","","1.1.1.1.128.1","1645","","","","0"
"2021","Canada","2021A000011124","Total - Gender","Total - Age","Count","North Macedonia","Total - Non-permanent resident type","","0","units","0","","1.1.1.1.129.1","10420","","","","0"
"2021","Canada","2021A000011124","Total - Gender","Total - Age","Count","Portugal","Total - Non-permanent resident type","","0","units","0","","1.1.1.1.130.1","133695","","","","0"
"2021","Canada","2021A000011124","Total - Gender","Total - Age","Count","Serbia","Total - Non-permanent resident type","","0","units","0","","1.1.1.1.132.1","33280","","","","0"
"2021","Canada","2021A000011124","Total - Gender","Total - Age","Count","Slovenia","Total - Non-permanent resident type","","0","units","0","","1.1.1.1.133.1","7135","","","","0"
"2021","Canada","2021A000011124","Total - Gender","Total - Age","Count","Spain","Total - Non-permanent resident type","","0","units","0","","1.1.1.1.134.1","15025","","","","0"
"2021","Canada","2021A000011124","Total - Gender","Total - Age","Count","Africa","Total - Non-permanent resident type","","0","units","0","","1.1.1.1.135.1","948460","","","","0"
"2021","Canada","2021A000011124","Total - Gender","Total - Age","Count","Western Africa","Total - Non-permanent resident type","","0","units","0","","1.1.1.1.136.1","214380","","","","0"
"2021","Canada","2021A000011124","Total - Gender","Total - Age","Count","Benin","Total - Non-permanent resident type","","0","units","0","","1.1.1.1.137.1","5035","","","","0"
"2021","Canada","2021A000011124","Total - Gender","Total - Age","Count","Burkina Faso","Total - Non-permanent resident type","","0","units","0","","1.1.1.1.138.1","4255","","","","0"
"2021","Canada","2021A000011124","Total - Gender","Total - Age","Count","Cabo Verde","Total - Non-permanent resident type","","0","units","0","","1.1.1.1.139.1","260","","","","0"
"2021","Canada","2021A000011124","Total - Gender","Total - Age","Count","Côte d'Ivoire","Total - Non-permanent resident type","","0","units","0","","1.1.1.1.140.1","22625","","","","0"
"2021","Canada","2021A000011124","Total - Gender","Total - Age","Count","Gambia","Total - Non-permanent resident type","","0","units","0","","1.1.1.1.141.1","1075","","","","0"
"2021","Canada","2021A000011124","Total - Gender","Total - Age","Count","Ghana","Total - Non-permanent resident type","","0","units","0","","1.1.1.1.142.1","29110","","","","0"
"2021","Canada","2021A000011124","Total - Gender","Total - Age","Count","Guinea","Total - Non-permanent resident type","","0","units","0","","1.1.1.1.143.1","7695","","","","0"
"2021","Canada","2021A000011124","Total - Gender","Total - Age","Count","Guinea-Bissau","Total - Non-permanent resident type","","0","units","0","","1.1.1.1.144.1","135","","","","0"
"2021","Canada","2021A000011124","Total - Gender","Total - Age","Count","Liberia","Total - Non-permanent resident type","","0","units","0","","1.1.1.1.145.1","3045","","","","0"
"2021","Canada","2021A000011124","Total - Gender","Total - Age","Count","Mali","Total - Non-permanent resident type","","0","units","0","","1.1.1.1.146.1","4140","","","","0"
"2021","Canada","2021A000011124","Total - Gender","Total - Age","Count","Mauritania","Total - Non-permanent resident type","","0","units","0","","1.1.1.1.147.1","1540","","","","0"
"2021","Canada","2021A000011124","Total - Gender","Total - Age","Count","Niger","Total - Non-permanent resident type","","0","units","0","","1.1.1.1.148.1","1545","","","","0"
"2021","Canada","2021A000011124","Total - Gender","Total - Age","Count","Nigeria","Total - Non-permanent resident type","","0","units","0","","1.1.1.1.149.1","111470","","","","0"
"2021","Canada","2021A000011124","Total - Gender","Total - Age","Count","Saint Helena, Ascension and Tristan da Cunha","Total - Non-permanent resident type","","0","units","0","","1.1.1.1.150.1","25","","","","0"
"2021","Canada","2021A000011124","Total - Gender","Total - Age","Count","Senegal","Total - Non-permanent resident type","","0","units","0","","1.1.1.1.151.1","13225","","","","0"
"2021","Canada","2021A000011124","Total - Gender","Total - Age","Count","Sierra Leone","Total - Non-permanent resident type","","0","units","0","","1.1.1.1.152.1","3385","","","","0"
"2021","Canada","2021A000011124","Total - Gender","Total - Age","Count","Togo","Total - Non-permanent resident type","","0","units","0","","1.1.1.1.153.1","5815","","","","0"
"2021","Canada","2021A000011124","Total - Gender","Total - Age","Count","Eastern Africa","Total - Non-permanent resident type","","0","units","0","","1.1.1.1.154.1","267360","","","","0"
"2021","Canada","2021A000011124","Total - Gender","Total - Age","Count","Burundi","Total - Non-permanent resident type","","0","units","0","","1.1.1.1.155.1","15265","","","","0"
"2021","Canada","2021A000011124","Total - Gender","Total - Age","Count","Comoros","Total - Non-permanent resident type","","0","units","0","","1.1.1.1.156.1","260","","","","0"
"2021","Canada","2021A000011124","Total - Gender","Total - Age","Count","Djibouti","Total - Non-permanent resident type","","0","units","0","","1.1.1.1.157.1","3680","","","","0"
"2021","Canada","2021A000011124","Total - Gender","Total - Age","Count","Eritrea","Total - Non-permanent resident type","","0","units","0","","1.1.1.1.158.1","32370","","","","0"
"2021","Canada","2021A000011124","Total - Gender","Total - Age","Count","Ethiopia","Total - Non-permanent resident type","","0","units","0","","1.1.1.1.159.1","44840","","","","0"
"2021","Canada","2021A000011124","Total - Gender","Total - Age","Count","Kenya","Total - Non-permanent resident type","","0","units","0","","1.1.1.1.160.1","33320","","","","0"
"2021","Canada","2021A000011124","Total - Gender","Total - Age","Count","Madagascar","Total - Non-permanent resident type","","0","units","0","","1.1.1.1.161.1","5435","","","","0"
"2021","Canada","2021A000011124","Total - Gender","Total - Age","Count","Malawi","Total - Non-permanent resident type","","0","units","0","","1.1.1.1.162.1","1075","","","","0"
"2021","Canada","2021A000011124","Total - Gender","Total - Age","Count","Mauritius","Total - Non-permanent resident type","","0","units","0","","1.1.1.1.163.1","19910","","","","0"
"2021","Canada","2021A000011124","Total - Gender","Total - Age","Count","Mayotte","Total - Non-permanent resident type","","0","units","0","","1.1.1.1.164.1","20","","","","0"
"2021","Canada","2021A000011124","Total - Gender","Total - Age","Count","Mozambique","Total - Non-permanent resident type","","0","units","0","","1.1.1.1.165.1","1335","","","","0"
"2021","Canada","2021A000011124","Total - Gender","Total - Age","Count","Réunion","Total - Non-permanent resident type","","0","units","0","","1.1.1.1.166.1","830","","","","0"
"2021","Canada","2021A000011124","Total - Gender","Total - Age","Count","Rwanda","Total - Non-permanent resident type","","0","units","0","","1.1.1.1.167.1","9895","","","","0"
"2021","Canada","2021A000011124","Total - Gender","Total - Age","Count","Seychelles","Total - Non-permanent resident type","","0","units","0","","1.1.1.1.168.1","990","","","","0"
"2021","Canada","2021A000011124","Total - Gender","Total - Age","Count","Somalia","Total - Non-permanent resident type","","0","units","0","","1.1.1.1.169.1","34115","","","","0"
"2021","Canada","2021A000011124","Total - Gender","Total - Age","Count","South Sudan","Total - Non-permanent resident type","","0","units","0","","1.1.1.1.170.1","6120","","","","0"
"2021","Canada","2021A000011124","Total - Gender","Total - Age","Count","Tanzania","Total - Non-permanent resident type","","0","units","0","","1.1.1.1.171.1","22920","","","","0"
"2021","Canada","2021A000011124","Total - Gender","Total - Age","Count","Uganda","Total - Non-permanent resident type","","0","units","0","","1.1.1.1.172.1","16775","","","","0"
"2021","Canada","2021A000011124","Total - Gender","Total - Age","Count","Zambia","Total - Non-permanent resident type","","0","units","0","","1.1.1.1.173.1","4115","","","","0"
"2021","Canada","2021A000011124","Total - Gender","Total - Age","Count","Zimbabwe","Total - Non-permanent resident type","","0","units","0","","1.1.1.1.174.1","14090","","","","0"
"2021","Canada","2021A000011124","Total - Gender","Total - Age","Count","Northern Africa","Total - Non-permanent resident type","","0","units","0","","1.1.1.1.175.1","317205","","","","0"
"2021","Canada","2021A000011124","Total - Gender","Total - Age","Count","Algeria","Total - Non-permanent resident type","","0","units","0","","1.1.1.1.176.1","87835","","","","0"
"2021","Canada","2021A000011124","Total - Gender","Total - Age","Count","Egypt","Total - Non-permanent resident type","","0","units","0","","1.1.1.1.177.1","79780","","","","0"
"2021","Canada","2021A000011124","Total - Gender","Total - Age","Count","Libya","Total - Non-permanent resident type","","0","units","0","","1.1.1.1.178.1","10540","","","","0"
"2021","Canada","2021A000011124","Total - Gender","Total - Age","Count","Morocco","Total - Non-permanent resident type","","0","units","0","","1.1.1.1.179.1","90400","","","","0"
"2021","Canada","2021A000011124","Total - Gender","Total - Age","Count","Sudan","Total - Non-permanent resident type","","0","units","0","","1.1.1.1.180.1","17445","","","","0"
"2021","Canada","2021A000011124","Total - Gender","Total - Age","Count","Tunisia","Total - Non-permanent resident type","","0","units","0","","1.1.1.1.181.1","31200","","","","0"
"2021","Canada","2021A000011124","Total - Gender","Total - Age","Count","Central Africa","Total - Non-permanent resident type","","0","units","0","","1.1.1.1.183.1","88585","","","","0"
"2021","Canada","2021A000011124","Total - Gender","Total - Age","Count","Angola","Total - Non-permanent resident type","","0","units","0","","1.1.1.1.184.1","5235","","","","0"
"2021","Canada","2021A000011124","Total - Gender","Total - Age","Count","Cameroon","Total - Non-permanent resident type","","0","units","0","","1.1.1.1.185.1","33645","","","","0"
"2021","Canada","2021A000011124","Total - Gender","Total - Age","Count","Central African Republic","Total - Non-permanent resident type","","0","units","0","","1.1.1.1.186.1","1855","","","","0"
"2021","Canada","2021A000011124","Total - Gender","Total - Age","Count","Chad","Total - Non-permanent resident type","","0","units","0","","1.1.1.1.187.1","2585","","","","0"
"2021","Canada","2021A000011124","Total - Gender","Total - Age","Count","Congo, Democratic Republic of the","Total - Non-permanent resident type","","0","units","0","","1.1.1.1.188.1","39475","","","","0"
"2021","Canada","2021A000011124","Total - Gender","Total - Age","Count","Congo, Republic of the","Total - Non-permanent resident type","","0","units","0","","1.1.1.1.189.1","3900","","","","0"
"2021","Canada","2021A000011124","Total - Gender","Total - Age","Count","Equatorial Guinea","Total - Non-permanent resident type","","0","units","0","","1.1.1.1.190.1","70","","","","0"
"2021","Canada","2021A000011124","Total - Gender","Total - Age","Count","Gabon","Total - Non-permanent resident type","","0","units","0","","1.1.1.1.191.1","1795","","","","0"
"2021","Canada","2021A000011124","Total - Gender","Total - Age","Count","Sao Tome and Principe","Total - Non-permanent resident type","","0","units","0","","1.1.1.1.192.1","25","","","","0"
"2021","Canada","2021A000011124","Total - Gender","Total - Age","Count","Southern Africa","Total - Non-permanent resident type","","0","units","0","","1.1.1.1.193.1","60935","","","","0"
"2021","Canada","2021A000011124","Total - Gender","Total - Age","Count","Botswana","Total - Non-permanent resident type","","0","units","0","","1.1.1.1.194.1","1440","","","","0"
"2021","Canada","2021A000011124","Total - Gender","Total - Age","Count","Eswatini","Total - Non-permanent resident type","","0","units","0","","1.1.1.1.195.1","500","","","","0"
"2021","Canada","2021A000011124","Total - Gender","Total - Age","Count","Lesotho","Total - Non-permanent resident type","","0","units","0","","1.1.1.1.196.1","270","","","","0"
"2021","Canada","2021A000011124","Total - Gender","Total - Age","Count","Namibia","Total - Non-permanent resident type","","0","units","0","","1.1.1.1.197.1","1625","","","","0"
"2021","Canada","2021A000011124","Total - Gender","Total - Age","Count","South Africa, Republic of","Total - Non-permanent resident type","","0","units","0","","1.1.1.1.198.1","57090","","","","0"
"2021","Canada","2021A000011124","Total - Gender","Total - Age","Count","Asia","Total - Non-permanent resident type","","0","units","0","","1.1.1.1.199.1","4936935","","","","0"
"2021","Canada","2021A000011124","Total - Gender","Total - Age","Count","West Central Asia and the Middle East","Total - Non-permanent resident type","","0","units","0","","1.1.1.1.200.1","832030","","","","0"
"2021","Canada","2021A000011124","Total - Gender","Total - Age","Count","Afghanistan","Total - Non-permanent resident type","","0","units","0","","1.1.1.1.201.1","64100","","","","0"
"2021","Canada","2021A000011124","Total - Gender","Total - Age","Count","Armenia","Total - Non-permanent resident type","","0","units","0","","1.1.1.1.202.1","5320","","","","0"
"2021","Canada","2021A000011124","Total - Gender","Total - Age","Count","Azerbaijan","Total - Non-permanent resident type","","0","units","0","","1.1.1.1.203.1","5900","","","","0"
"2021","Canada","2021A000011124","Total - Gender","Total - Age","Count","Bahrain","Total - Non-permanent resident type","","0","units","0","","1.1.1.1.204.1","3315","","","","0"
"2021","Canada","2021A000011124","Total - Gender","Total - Age","Count","Cyprus","Total - Non-permanent resident type","","0","units","0","","1.1.1.1.205.1","4340","","","","0"
"2021","Canada","2021A000011124","Total - Gender","Total - Age","Count","Georgia","Total - Non-permanent resident type","","0","units","0","","1.1.1.1.206.1","3760","","","","0"
"2021","Canada","2021A000011124","Total - Gender","Total - Age","Count","Iran","Total - Non-permanent resident type","","0","units","0","","1.1.1.1.207.1","213160","","","","0"
"2021","Canada","2021A000011124","Total - Gender","Total - Age","Count","Iraq","Total - Non-permanent resident type","","0","units","0","","1.1.1.1.208.1","86270","","","","0"
"2021","Canada","2021A000011124","Total - Gender","Total - Age","Count","Israel","Total - Non-permanent resident type","","0","units","0","","1.1.1.1.209.1","33840","","","","0"
"2021","Canada","2021A000011124","Total - Gender","Total - Age","Count","Jordan","Total - Non-permanent resident type","","0","units","0","","1.1.1.1.210.1","20045","","","","0"
"2021","Canada","2021A000011124","Total - Gender","Total - Age","Count","Kazakhstan","Total - Non-permanent resident type","","0","units","0","","1.1.1.1.211.1","15305","","","","0"
"2021","Canada","2021A000011124","Total - Gender","Total - Age","Count","Kuwait","Total - Non-permanent resident type","","0","units","0","","1.1.1.1.212.1","19880","","","","0"
"2021","Canada","2021A000011124","Total - Gender","Total - Age","Count","Kyrgyzstan","Total - Non-permanent resident type","","0","units","0","","1.1.1.1.213.1","4205","","","","0"
"2021","Canada","2021A000011124","Total - Gender","Total - Age","Count","Lebanon","Total - Non-permanent resident type","","0","units","0","","1.1.1.1.214.1","103405","","","","0"
"2021","Canada","2021A000011124","Total - Gender","Total - Age","Count","Oman","Total - Non-permanent resident type","","0","units","0","","1.1.1.1.215.1","2960","","","","0"
"2021","Canada","2021A000011124","Total - Gender","Total - Age","Count","Qatar","Total - Non-permanent resident type","","0","units","0","","1.1.1.1.216.1","4960","","","","0"
"2021","Canada","2021A000011124","Total - Gender","Total - Age","Count","Saudi Arabia","Total - Non-permanent resident type","","0","units","0","","1.1.1.1.217.1","37975","","","","0"
"2021","Canada","2021A000011124","Total - Gender","Total - Age","Count","Syria","Total - Non-permanent resident type","","0","units","0","","1.1.1.1.218.1","99645","","","","0"
"2021","Canada","2021A000011124","Total - Gender","Total - Age","Count","Tajikistan","Total - Non-permanent resident type","","0","units","0","","1.1.1.1.219.1","1675","","","","0"
"2021","Canada","2021A000011124","Total - Gender","Total - Age","Count","Turkey","Total - Non-permanent resident type","","0","units","0","","1.1.1.1.220.1","43130","","","","0"
"2021","Canada","2021A000011124","Total - Gender","Total - Age","Count","Turkmenistan","Total - Non-permanent resident type","","0","units","0","","1.1.1.1.221.1","715","","","","0"
"2021","Canada","2021A000011124","Total - Gender","Total - Age","Count","United Arab Emirates","Total - Non-permanent resident type","","0","units","0","","1.1.1.1.222.1","35175","","","","0"
"2021","Canada","2021A000011124","Total - Gender","Total - Age","Count","Uzbekistan","Total - Non-permanent resident type","","0","units","0","","1.1.1.1.223.1","7385","","","","0"
"2021","Canada","2021A000011124","Total - Gender","Total - Age","Count","West Bank and Gaza Strip","Total - Non-permanent resident type","","0","units","0","","1.1.1.1.224.1","9795","","","","0"
"2021","Canada","2021A000011124","Total - Gender","Total - Age","Count","Yemen","Total - Non-permanent resident type","","0","units","0","","1.1.1.1.225.1","5780","","","","0"
"2021","Canada","2021A000011124","Total - Gender","Total - Age","Count","Eastern Asia","Total - Non-permanent resident type","","0","units","0","","1.1.1.1.226.1","1352110","","","","0"
"2021","Canada","2021A000011124","Total - Gender","Total - Age","Count","China","Total - Non-permanent resident type","","0","units","0","","1.1.1.1.227.1","830985","","","","0"
"2021","Canada","2021A000011124","Total - Gender","Total - Age","Count","Hong Kong","Total - Non-permanent resident type","","0","units","0","","1.1.1.1.228.1","227880","","","","0"
"2021","Canada","2021A000011124","Total - Gender","Total - Age","Count","Japan","Total - Non-permanent resident type","","0","units","0","","1.1.1.1.229.1","41695","","","","0"
"2021","Canada","2021A000011124","Total - Gender","Total - Age","Count","Korea, North","Total - Non-permanent resident type","","0","units","0","","1.1.1.1.230.1","820","","","","0"
"2021","Canada","2021A000011124","Total - Gender","Total - Age","Count","Korea, South","Total - Non-permanent resident type","","0","units","0","","1.1.1.1.231.1","170880","","","","0"
"2021","Canada","2021A000011124","Total - Gender","Total - Age","Count","Macao","Total - Non-permanent resident type","","0","units","0","","1.1.1.1.232.1","5640","","","","0"
"2021","Canada","2021A000011124","Total - Gender","Total - Age","Count","Mongolia","Total - Non-permanent resident type","","0","units","0","","1.1.1.1.233.1","2140","","","","0"
"2021","Canada","2021A000011124","Total - Gender","Total - Age","Count","Taiwan","Total - Non-permanent resident type","","0","units","0","","1.1.1.1.234.1","72075","","","","0"
"2021","Canada","2021A000011124","Total - Gender","Total - Age","Count","Southeast Asia","Total - Non-permanent resident type","","0","units","0","","1.1.1.1.235.1","1093985","","","","0"
"2021","Canada","2021A000011124","Total - Gender","Total - Age","Count","Brunei Darussalam","Total - Non-permanent resident type","","0","units","0","","1.1.1.1.236.1","4660","","","","0"
"2021","Canada","2021A000011124","Total - Gender","Total - Age","Count","Cambodia","Total - Non-permanent resident type","","0","units","0","","1.1.1.1.237.1","23870","","","","0"
"2021","Canada","2021A000011124","Total - Gender","Total - Age","Count","Indonesia","Total - Non-permanent resident type","","0","units","0","","1.1.1.1.238.1","19110","","","","0"
"2021","Canada","2021A000011124","Total - Gender","Total - Age","Count","Laos","Total - Non-permanent resident type","","0","units","0","","1.1.1.1.239.1","14155","","","","0"
"2021","Canada","2021A000011124","Total - Gender","Total - Age","Count","Malaysia","Total - Non-permanent resident type","","0","units","0","","1.1.1.1.240.1","27285","","","","0"
"2021","Canada","2021A000011124","Total - Gender","Total - Age","Count","Myanmar","Total - Non-permanent resident type","","0","units","0","","1.1.1.1.241.1","9480","","","","0"
"2021","Canada","2021A000011124","Total - Gender","Total - Age","Count","Philippines","Total - Non-permanent resident type","","0","units","0","","1.1.1.1.242.1","757415","","","","0"
"2021","Canada","2021A000011124","Total - Gender","Total - Age","Count","Singapore","Total - Non-permanent resident type","","0","units","0","","1.1.1.1.243.1","14755","","","","0"
"2021","Canada","2021A000011124","Total - Gender","Total - Age","Count","Thailand","Total - Non-permanent resident type","","0","units","0","","1.1.1.1.244.1","20890","","","","0"
"2021","Canada","2021A000011124","Total - Gender","Total - Age","Count","Timor-Leste","Total - Non-permanent resident type","","0","units","0","","1.1.1.1.245.1","30","","","","0"
"2021","Canada","2021A000011124","Total - Gender","Total - Age","Count","Viet Nam","Total - Non-permanent resident type","","0","units","0","","1.1.1.1.246.1","202335","","","","0"
"2021","Canada","2021A000011124","Total - Gender","Total - Age","Count","Southern Asia","Total - Non-permanent resident type","","0","units","0","","1.1.1.1.247.1","1658810","","","","0"
"2021","Canada","2021A000011124","Total - Gender","Total - Age","Count","Bangladesh","Total - Non-permanent resident type","","0","units","0","","1.1.1.1.248.1","79355","","","","0"
"2021","Canada","2021A000011124","Total - Gender","Total - Age","Count","Bhutan","Total - Non-permanent resident type","","0","units","0","","1.1.1.1.249.1","4235","","","","0"
"2021","Canada","2021A000011124","Total - Gender","Total - Age","Count","India","Total - Non-permanent resident type","","0","units","0","","1.1.1.1.251.1","1166755","","","","0"
"2021","Canada","2021A000011124","Total - Gender","Total - Age","Count","Maldives","Total - Non-permanent resident type","","0","units","0","","1.1.1.1.252.1","50","","","","0"
"2021","Canada","2021A000011124","Total - Gender","Total - Age","Count","Nepal","Total - Non-permanent resident type","","0","units","0","","1.1.1.1.253.1","21825","","","","0"
"2021","Canada","2021A000011124","Total - Gender","Total - Age","Count","Pakistan","Total - Non-permanent resident type","","0","units","0","","1.1.1.1.254.1","245520","","","","0"
"2021","Canada","2021A000011124","Total - Gender","Total - Age","Count","Sri Lanka","Total - Non-permanent resident type","","0","units","0","","1.1.1.1.255.1","141065","","","","0"
"2021","Canada","2021A000011124","Total - Gender","Total - Age","Count","Oceania","Total - Non-permanent resident type","","0","units","0","","1.1.1.1.256.1","76595","","","","0"
"2021","Canada","2021A000011124","Total - Gender","Total - Age","Count","American Samoa","Total - Non-permanent resident type","","0","units","0","","1.1.1.1.257.1","15","","","","0"
"2021","Canada","2021A000011124","Total - Gender","Total - Age","Count","Australia","Total - Non-permanent resident type","","0","units","0","","1.1.1.1.258.1","35305","","","","0"
"2021","Canada","2021A000011124","Total - Gender","Total - Age","Count","Fiji","Total - Non-permanent resident type","","0","units","0","","1.1.1.1.262.1","25185","","","","0"
"2021","Canada","2021A000011124","Total - Gender","Total - Age","Count","French Polynesia","Total - Non-permanent resident type","","0","units","0","","1.1.1.1.263.1","535","","","","0"
"2021","Canada","2021A000011124","Total - Gender","Total - Age","Count","Guam","Total - Non-permanent resident type","","0","units","0","","1.1.1.1.264.1","80","","","","0"
"2021","Canada","2021A000011124","Total - Gender","Total - Age","Count","Kiribati","Total - Non-permanent resident type","","0","units","0","","1.1.1.1.265.1","10","","","","0"
"2021","Canada","2021A000011124","Total - Gender","Total - Age","Count","Marshall Islands","Total - Non-permanent resident type","","0","units","0","","1.1.1.1.266.1","15","","","","0"
"2021","Canada","2021A000011124","Total - Gender","Total - Age","Count","Micronesia, Federated States of","Total - Non-permanent resident type","","0","units","0","","1.1.1.1.267.1","30","","","","0"
"2021","Canada","2021A000011124","Total - Gender","Total - Age","Count","Nauru","Total - Non-permanent resident type","","0","units","0","","1.1.1.1.268.1","30","","","","0"
"2021","Canada","2021A000011124","Total - Gender","Total - Age","Count","New Caledonia","Total - Non-permanent resident type","","0","units","0","","1.1.1.1.269.1","495","","","","0"
"2021","Canada","2021A000011124","Total - Gender","Total - Age","Count","New Zealand","Total - Non-permanent resident type","","0","units","0","","1.1.1.1.270.1","13900","","","","0"
"2021","Canada","2021A000011124","Total - Gender","Total - Age","Count","Northern Mariana Islands","Total - Non-permanent resident type","","0","units","0","","1.1.1.1.273.1","90","","","","0"
"2021","Canada","2021A000011124","Total - Gender","Total - Age","Count","Papua New Guinea","Total - Non-permanent resident type","","0","units","0","","1.1.1.1.275.1","545","","","","0"
"2021","Canada","2021A000011124","Total - Gender","Total - Age","Count","Samoa","Total - Non-permanent resident type","","0","units","0","","1.1.1.1.277.1","125","","","","0"
"2021","Canada","2021A000011124","Total - Gender","Total - Age","Count","Solomon Islands","Total - Non-permanent resident type","","0","units","0","","1.1.1.1.278.1","25","","","","0"
"2021","Canada","2021A000011124","Total - Gender","Total - Age","Count","Tonga","Total - Non-permanent resident type","","0","units","0","","1.1.1.1.280.1","135","","","","0"
"2021","Canada","2021A000011124","Total - Gender","Total - Age","Count","Vanuatu","Total - Non-permanent resident type","","0","units","0","","1.1.1.1.283.1","40","","","","0"
"2021","Canada","2021A000011124","Total - Gender","Total - Age","Count","Wallis and Futuna","Total - Non-permanent resident type","","0","units","0","","1.1.1.1.284.1","15","","","","0"
"2021","Canada","2021A000011124","Total - Gender","Total - Age","Count","Other","Total - Non-permanent resident type","","0","units","0","","1.1.1.1.290.1","75","","","","0"


