Polling Firm,REM.,IND.,UND.,Start,End,Sample,Mode
[Research Co.](https://researchco.ca/2026/01/08/alberta-separation-3/),62,31,7,2026-01-04,2026-01-06,703,Online
[Ipsos](https://www.ipsos.com/en-ca/support-independence-alberta-reaches-levels-similar-quebec),61,24,15,2026-01-09,2026-01-14,500,Online
[Léger](https://leger360.com/wp-content/uploads/2026/02/LEGER_ABGovReportCard_Jan2026.pdf),71,23,6,2026-01-23,2026-01-26,1003,Online
[Angus Reid Institute](https://angusreid.org/alberta-unity-separation-smith-carney-prosperity/),66,30,5,2026-02-02,2026-02-06,979,Online
[Abacus Data](https://abacusdata.ca/alberta-independence-remains-a-minority-view-most-believe-premier-smith-would-vote-to-separate/),64,26,9,2026-02-20,2026-02-25,1000,Online
[Léger](https://leger360.com/wp-content/uploads/2026/03/Leger_ABGovReportCard_March2026.pdf),70,21,9,2026-03-02,2026-03-04,1001,Online
[Pollara](https://www.pollara.com/wp-content/uploads/2026/04/Alberta-Spotlight-Apr-2026-media.pdf),69,25,6,2026-03-16,2026-03-25,3200,Online
[Spark](https://sparkadvocacy.ca/insights/2026/04/alberta-politicians-and-businesses-are-essential-to-making-the-case-against-separatism),71,17,12,2026-04-02,2026-04-06,531,Online
[Léger](https://leger360.com/in-the-news-alberta-politics-ucp-lead-april-2026-leger/),64,29,7,2026-04-03,2026-04-06,1003,Online
[Janet Brown Opinion Research-CBC Calgary](https://www.planetjanet.ca/_files/ugd/586d9d_5d66bc7eeaa347da955f18479423ec7d.pdf),67,27,6,2026-04-07,2026-04-22,1200,Live
[Mainstreet Research](https://www.mainstreetresearch.ca/post/alberta-provincial-survey-april-2026),60,28,12,2026-04-20,2026-04-22,3129,IVR
[Angus Reid Institute](https://angusreid.org/alberta-referendum-question/),60,35,5,2026-05-22,2026-05-24,800,Online
[Probe Research](https://probe-research.com/polls/albertans-views-referendums-and-separatism),71,20,10,2026-04-27,2026-05-06,1484,Online
[Environics Institute](https://environicsinstitute.org/spotlight-on-alberta-2026/),66,25,8,2026-02-14,2026-03-28,617,Online & Live
[Ipsos-Global News](https://www.ipsos.com/en-ca/limited-and-declining-support-separation-alberta),72,19,10,2026-05-28,2026-06-01,600,Online
[Léger-Postmedia](https://leger360.com/in-the-news-alberta-separation-debate/),68,24,8,2026-05-29,2026-06-01,1014,Online
[Spark](https://sparkadvocacy.ca/insights/2026/06/15-of-albertans-want-to-separate-21-would-vote-to-have-a-binding-referendum),65,21,14,2026-06-07,2026-06-12,777,Online
[Pollara](https://pollarastrategicinsights.substack.com/p/four-strong-winds),70,23,7,2026-06-19,2026-07-02,1007,Online
[Angus Reid Institute](https://angusreid.org/alberta-referendum-polling-sending-a-message-danielle-smith-seperation/),61,33,5,2026-08-10,2026-08-13,1017,Online
[Research Co.](https://researchco.ca/2026/08/31/alberta-separation-4/),74,22,4,2026-08-24,2026-08-26,750,Online
[Léger](https://leger360.com/in-the-news-alberta-referendum-undecided-share-rises-significantly/),65,23,10,2026-08-21,2026-08-23,1001,Online
[Abacus Data](https://www.cbc.ca/news/canada/edmonton/alberta-separatists-expect-to-win-poll-projects-loss-9.7337551),64,24,12,2026-09-04,2026-09-07,1000,Online
[Janet Brown Opinion Research-CBC Calgary](https://www.planetjanet.ca/_files/ugd/586d9d_e50c5a6cc0f64152a81800f517d505ba.pdf),72,23,4,2026-09-08,2026-09-21,1200,Live
[Ipsos-Global News](https://www.ipsos.com/en-ca/strong-majority-albertans-plan-vote-alberta-stay-canada),70,20,10,2026-09-18,2026-09-22,600,Online