"env","LON","LAT","DOY","YYYYMMDD","daysFromStart","T2M","T2M_MAX","T2M_MIN","T2MDEW","ALLSKY_SFC_LW_DWN","ALLSKY_SFC_SW_DWN","ALLSKY_SFC_SW_DNI","ALLSKY_SFC_PAR_TOT","ALLSKY_SFC_UVA","ALLSKY_SFC_UVB","PRECTOT","EVPTRNS","QV2M","RH2M","GWETROOT","GWETTOP","FROST_DAYS","WS2M","P_ETP","VPD","N","RTA","n","TH1","TH2","PAR_TEMP","DayLength"
"Campus 2021",-106.61682,52.133629,147,2021-05-27,1,12.75,20.21,3.2,-0.17,24.55,29.61,38.79,12.93,1.65,0.03,0.07,2.51,3.96,44.17,0.41,0.4,0,6.48,-2.44,0.965404654242298,16.208,40.074,15.689,55.88654825,53.8888,1.01411764705882,16.2077078768386
"Campus 2021",-106.61682,52.133629,148,2021-05-28,2,15.1,21.72,9.72,4.06,29.23,21.45,20.4,9.45,1.28,0.03,2.25,2.52,5.42,50.42,0.41,0.42,0,6.03,-0.27,1.08539013784865,16.247,40.203,8.244,58.8582258,57.7616,0.625827814569536,16.2472272333603
"Campus 2021",-106.61682,52.133629,149,2021-05-29,3,14.19,19.54,9.23,4.3,26.69,25.6,27.98,11.1,1.45,0.03,0.13,2.21,5.46,53.99,0.41,0.4,0,5.55,-2.08,0.888647951344545,16.286,40.327,11.3,57.65789919,56.938,0.782241014799154,16.2855205642462
"Campus 2021",-106.61682,52.133629,150,2021-05-30,4,15.76,22.84,5.97,2.8,25.5,30.75,45.59,13.5,1.72,0.03,0,4.03,4.91,46.33,0.4,0.39,0,1.89,-4.03,1.11065256165655,16.323,40.446,18.399,59.66900192,57.968,0.856598984771574,16.3225546738898
"Campus 2021",-106.61682,52.133629,151,2021-05-31,5,18.16,24.51,12.26,7.25,28.82,20.88,9.26,9.26,1.23,0.02,1.32,2.66,6.74,50.73,0.39,0.39,0,3.62,-1.34,1.23241196925705,16.358,40.559,3.735,62.87565232,61.97,0.509911894273128,16.3582966827608
"Campus 2021",-106.61682,52.133629,152,2021-06-01,6,19.46,25.23,12.71,11.25,30.17,23.25,16.13,10.41,1.37,0.03,2.25,2.64,8.79,61.3,0.39,0.42,0,1.75,-0.39,1.00579347198597,16.393,40.667,6.502,65.1063902,64.71,0.534943473792395,16.3927141209096
"Campus 2021",-106.61682,52.133629,153,2021-06-02,7,22.25,28.8,15.1,13.67,31.34,24.95,23.18,11.31,1.47,0.03,0.9,3.84,10.4,59.68,0.39,0.41,0,2.76,-2.94,1.27325226459877,16.426,40.77,9.339,68.934272,68.3712,0.508314606741573,16.4257750242936
"Campus 2021",-106.61682,52.133629,154,2021-06-03,8,25.17,33.68,16.06,14.49,32.09,27.79,32.94,12.57,1.6,0.04,0.14,6.36,10.98,55.81,0.39,0.38,0,1.93,-6.22,1.87502735657363,16.457,40.868,13.264,72.61377323,71.5864,0.499404052443385,16.4574480334815
"Campus 2021",-106.61682,52.133629,155,2021-06-04,9,22.84,28.05,17.29,10.52,31.81,21.02,18.93,9.56,1.28,0.03,0.16,5.49,8.67,50.5,0.38,0.37,0,2.64,-5.33,1.61082325828271,16.488,40.96,7.62,68.997758,67.8272,0.418563922942207,16.4877024942458
"Campus 2021",-106.61682,52.133629,156,2021-06-05,10,20.67,26.74,13.49,9.66,30.7,20.79,13.21,9.41,1.26,0.03,0.6,3.83,8.02,50.83,0.38,0.36,0,3.14,-3.23,1.32858030298154,16.517,41.047,5.316,66.17550539,65.3476,0.455249153362361,16.5165085594968
"Campus 2021",-106.61682,52.133629,157,2021-06-06,11,15.63,19.29,10.34,7.16,29.24,17.2,9.47,7.79,1.07,0.02,0.63,1.82,6.73,58.83,0.37,0.37,0,4.21,-1.19,0.73390052154772,16.544,41.128,3.809,59.65078771,59.4076,0.498400511836212,16.5438372919704
"Campus 2021",-106.61682,52.133629,158,2021-06-07,12,16.98,22.3,12.04,3.65,28.24,24.39,24.72,10.63,1.4,0.03,0.6,3.35,5.34,44.88,0.37,0.37,0,3.92,-2.75,1.255981728233,16.57,41.204,9.941,61.18037776,59.494,0.62603062426384,16.5696607670331
"Campus 2021",-106.61682,52.133629,159,2021-06-08,13,16.54,23,10.09,7.6,29.97,17.4,6.99,7.86,1.09,0.02,3.12,2.44,6.93,57.94,0.37,0.38,0,1.84,0.68,0.978489356934584,16.594,41.275,2.81,60.89942324,60.476,0.475211608222491,16.5939521749331
"Campus 2021",-106.61682,52.133629,160,2021-06-09,14,19.05,23.53,13.37,11.43,32.96,14.83,9.88,6.7,0.94,0.02,1.84,3.06,8.83,63.63,0.38,0.41,0,3.81,-1.22,0.866850646601361,16.617,41.34,3.971,64.63170985,64.3648,0.351706036745407,16.6166859217908
"Campus 2021",-106.61682,52.133629,161,2021-06-10,15,19.02,25.69,14.04,13.25,32.8,11.04,3.56,5.21,0.73,0.02,19.66,2.44,10.1,71.59,0.39,0.49,0,4.36,17.22,0.929073207940243,16.638,41.4,1.431,64.94908382,64.99,0.273922187171399,16.637837728597
"Campus 2021",-106.61682,52.133629,162,2021-06-11,16,16.83,21.13,13.2,9.42,30.15,15.83,4.48,7.19,0.99,0.02,7.81,2.75,7.94,65.02,0.42,0.51,0,5.62,5.06,0.831134880302036,16.657,41.454,1.8,61.46787734,61.4212,0.427213309566251,16.6573847274715
"Campus 2021",-106.61682,52.133629,163,2021-06-12,17,17.55,23.7,10.09,6.99,27.7,24.12,21.61,10.69,1.42,0.03,0.01,4.31,6.59,52.53,0.41,0.41,0,2.46,-4.3,1.081791590062,16.675,41.502,8.683,62.13053485,61.2664,0.609116809116809,16.6753055544218
"Campus 2021",-106.61682,52.133629,164,2021-06-13,18,19.47,26.47,10.01,7.43,27.22,30.93,42.8,13.66,1.75,0.04,0,6.49,6.76,49.43,0.41,0.39,0,2,-6.49,1.31050797005476,16.692,41.545,17.196,64.52999079,63.3448,0.701592193117617,16.6915804378456
"Campus 2021",-106.61682,52.133629,165,2021-06-14,19,23.72,31.7,14.19,10.98,30.17,30.16,42.28,13.68,1.74,0.04,0.19,8.31,8.61,47.93,0.4,0.38,0,4.59,-8.12,1.83556119188698,16.706,41.583,16.986,69.91451604,68.8728,0.57672849915683,16.7061912820293
"Campus 2021",-106.61682,52.133629,166,2021-06-15,20,26.18,34.96,17.04,14.22,32.81,28.24,35.01,12.93,1.66,0.04,5.47,9.27,10.84,50.64,0.39,0.38,0,5.64,-3.8,2.15481288147019,16.719,41.615,14.065,73.38925648,72.4992,0.4938884644767,16.7191217449166
"Campus 2021",-106.61682,52.133629,167,2021-06-16,21,20.13,23.92,16.25,10.16,29.57,26.66,30.27,11.91,1.57,0.04,2.38,3.94,8.56,56.68,0.39,0.44,0,5.17,-1.56,1.16734365620892,16.73,41.641,12.162,65.79564716,64.9876,0.591654247391952,16.7303573094529
"Campus 2021",-106.61682,52.133629,168,2021-06-17,22,16.71,21.53,11.39,5.94,29.46,21.03,20.32,9.44,1.28,0.03,0.06,3.6,6.12,50.81,0.38,0.38,0,5.58,-3.54,1.0268671558796,16.74,41.662,8.165,60.97471749,60.0484,0.56493117893477,16.7398853478521
"Campus 2021",-106.61682,52.133629,169,2021-06-18,23,16.05,21.07,10.46,8.99,30.98,14.94,8.72,6.89,0.98,0.02,0.55,2.91,7.51,64.69,0.38,0.38,0,3.2,-2.36,0.734715879833097,16.748,41.677,3.504,60.32874755,60.4864,0.429283489096573,16.7476951781864
"Campus 2021",-106.61682,52.133629,170,2021-06-19,24,15.37,20.51,12.12,9.03,29.52,18.36,10.76,8.4,1.14,0.02,4.26,1.43,7.57,66.78,0.38,0.43,0,3,2.83,0.763000428115539,16.754,41.687,4.324,59.36160514,59.8208,0.546519193233572,16.7537781127612
"Campus 2021",-106.61682,52.133629,171,2021-06-20,25,13.81,19.03,9.02,4.21,26.68,25.91,26.05,11.24,1.48,0.03,0.21,2.83,5.48,56.12,0.38,0.39,0,3.83,-2.62,0.850172788208609,16.758,41.691,10.471,57.13361028,56.5256,0.813902968863143,16.7581274978073
"Campus 2021",-106.61682,52.133629,172,2021-06-21,26,17.18,24.02,7.81,5.9,27.25,28.04,30.68,12.32,1.59,0.03,0.03,4.01,6.26,48.92,0.38,0.37,0,2.21,-3.98,1.09454243786561,16.761,41.689,12.335,61.54065144,60.504,0.717112922002328,16.7607387441021
"Campus 2021",-106.61682,52.133629,173,2021-06-22,27,22.92,29.44,14.02,11.45,31.39,23.32,23.23,10.57,1.4,0.03,1.28,6,9.11,51.07,0.37,0.37,0,2.28,-4.72,1.50212329767107,16.762,41.682,9.342,69.15038156,68.242,0.461169284467714,16.7616093482186
"Campus 2021",-106.61682,52.133629,174,2021-06-23,28,19.8,23.78,14.26,11.17,30.67,22.37,20.35,9.99,1.35,0.03,4.97,4.01,8.92,60.69,0.38,0.43,0,4.41,0.96,0.957606342336698,16.761,41.669,8.186,65.5557838,65.0212,0.504545454545455,16.7607389041885
"Campus 2021",-106.61682,52.133629,175,2021-06-24,29,18.11,23.17,12.4,9.79,28.6,26.55,24.34,11.8,1.53,0.03,0.01,3.13,7.94,60.02,0.38,0.38,0,1.65,-3.12,0.92840257401974,16.758,41.651,9.793,63.14716578,62.8344,0.651573716178907,16.7581291054624
"Campus 2021",-106.61682,52.133629,176,2021-06-25,30,21.22,27.2,14.06,11.66,31.88,20.07,14.87,9.13,1.23,0.03,0.38,4.64,9.07,56.25,0.37,0.37,0,3.3,-4.26,1.23464659783519,16.754,41.627,5.985,67.2613375,66.6176,0.430254476908577,16.7537837371483
"Campus 2021",-106.61682,52.133629,177,2021-06-26,31,22.64,28.2,14.92,14.2,32.13,27.99,33.27,12.79,1.67,0.04,0.84,5.57,10.65,62.54,0.37,0.36,0,2.16,-4.73,1.14086864705564,16.748,41.597,13.395,69.71264544,68.952,0.564929328621908,16.7477086586018
"Campus 2021",-106.61682,52.133629,178,2021-06-27,32,22.16,26.86,17.17,13.17,30.5,28.95,37.2,13.1,1.68,0.04,0.66,4.71,9.99,59.26,0.36,0.37,0,2.92,-4.05,1.2328839242891,16.74,41.562,14.983,68.77611584,68.1012,0.59115523465704,16.7399117765431
"Campus 2021",-106.61682,52.133629,179,2021-06-28,33,23.48,30.09,15.28,10.48,31.01,28.66,37.42,12.99,1.67,0.04,0.02,7.05,8.27,46.23,0.36,0.35,0,1.49,-7.03,1.73259504962459,16.73,41.521,15.078,69.45416596,68.4528,0.553236797274276,16.7304030089632
"Campus 2021",-106.61682,52.133629,180,2021-06-29,34,25.47,32.55,16.33,11.99,31.63,28.89,36.35,12.99,1.66,0.04,0,7.69,9.21,45.22,0.35,0.33,0,1.02,-7.69,1.97906189329481,16.719,41.475,14.653,71.86659866,70.9864,0.510011778563015,16.7191942401736
"Campus 2021",-106.61682,52.133629,181,2021-06-30,35,27,33.86,19.41,12.71,32.93,27.63,34.75,12.47,1.59,0.04,0.34,7.17,9.62,43.39,0.35,0.33,0,2.3,-6.83,2.29641547730197,16.706,41.424,14.014,73.563377,72.7756,0.461851851851852,16.706299267434
"Campus 2021",-106.61682,52.133629,182,2021-07-01,36,27.97,35.63,19.1,11.85,31.51,30.01,41.07,13.43,1.71,0.04,0.8,6.9,9.11,39.48,0.34,0.32,0,4.31,-6.1,2.6274557547513,16.692,41.366,16.573,74.24219044,73.436,0.480157311405077,16.6917337396673
"Campus 2021",-106.61682,52.133629,183,2021-07-02,37,30.22,39.45,21.11,14.54,35.01,27.46,32.87,12.57,1.63,0.04,0.07,6.29,11.04,40.23,0.33,0.3,0,4.13,-6.22,3.17740055283118,16.676,41.304,13.271,77.06124094,76.6544,0.415949702183984,16.675515088838
"Campus 2021",-106.61682,52.133629,184,2021-07-03,38,25.5,30.94,19.41,13.28,33.62,22.98,19.15,10.47,1.37,0.03,0.63,3.53,10.58,51.15,0.33,0.31,0,4.08,-2.9,1.84026509563395,16.658,41.236,7.736,72.5533675,71.4808,0.410588235294118,16.6576624546253
"Campus 2021",-106.61682,52.133629,185,2021-07-04,39,21.83,25.99,16.89,10.79,32.1,21.45,16.87,9.8,1.29,0.03,0.09,2.67,8.5,50.19,0.33,0.31,0,3.44,-2.58,1.34731199859204,16.638,41.162,6.819,67.65204223,66.9144,0.448923499770957,16.6381966030716
"Campus 2021",-106.61682,52.133629,186,2021-07-05,40,19.71,25.71,13.94,9.28,32.67,18.67,15.78,8.41,1.16,0.03,1.02,2.67,7.64,53.85,0.33,0.32,0,2.94,-1.65,1.27831713119136,16.617,41.083,6.383,65.07224665,64.2508,0.426686960933536,16.61713983992
"Campus 2021",-106.61682,52.133629,187,2021-07-06,41,17.07,21.66,11.91,9.37,31.57,17.4,5.04,8.02,1.1,0.03,1.08,1.28,7.66,61.74,0.33,0.33,0,2.21,-0.2,0.814846350278254,16.595,40.999,2.04,61.73150782,61.6432,0.469830111306385,16.5945159193823
"Campus 2021",-106.61682,52.133629,188,2021-07-07,42,18.84,24.14,12.94,13.61,32.69,23.12,17.81,10.45,1.37,0.03,25.07,1.7,10.28,72.74,0.36,0.49,0,1.96,23.37,0.69187784501958,16.57,40.91,7.214,64.72575384,64.9396,0.554670912951168,16.5703499490939
"Campus 2021",-106.61682,52.133629,189,2021-07-08,43,21.51,26.64,14.45,13.59,32.29,24.63,21.11,11.05,1.42,0.03,4.33,5.49,10.26,62.42,0.38,0.44,0,1.42,-1.16,1.01171161652064,16.545,40.815,8.557,68.08931658,67.6024,0.513714551371455,16.5446682920148
"Campus 2021",-106.61682,52.133629,190,2021-07-09,44,23.87,29.39,16.62,13.54,31.65,27.33,28.69,12.16,1.54,0.03,1.2,7.32,10.18,54.29,0.38,0.4,0,0.94,-6.12,1.44264918379577,16.517,40.715,11.639,70.70066277,69.9444,0.509426057813155,16.5174984660337
"Campus 2021",-106.61682,52.133629,191,2021-07-10,45,25.66,31.89,17.97,13.84,31.74,27.55,30.33,12.22,1.53,0.03,0.32,8.45,10.39,50.19,0.37,0.37,0,2.7,-8.13,1.81055812790384,16.489,40.609,12.315,72.65739646,71.8424,0.476227591582229,16.4888690420158
"Campus 2021",-106.61682,52.133629,192,2021-07-11,46,23.83,30.72,16.78,12,32.99,21.12,15.08,9.5,1.24,0.03,0.43,6.9,9.23,49.47,0.36,0.35,0,3.78,-6.47,1.76355320802715,16.459,40.499,6.129,70.19890399,69.35,0.398657154846832,16.4588095410124
"Campus 2021",-106.61682,52.133629,193,2021-07-12,47,21.24,27.47,14.99,9.86,29.46,26.83,27.56,11.56,1.42,0.03,0,5.48,7.97,50.89,0.35,0.34,0,3.52,-5.48,1.46800528789661,16.427,40.383,11.211,66.92807564,65.9896,0.544256120527307,16.4273503313233
"Campus 2021",-106.61682,52.133629,194,2021-07-13,48,21.53,27.7,13.78,10.48,31.23,24.05,16.81,10.55,1.31,0.03,0,5.31,8.3,51.02,0.35,0.34,0,1.82,-5.31,1.37709578058745,16.395,40.262,6.845,67.31819994,66.5028,0.490013934045518,16.3945225260619
"Campus 2021",-106.61682,52.133629,195,2021-07-14,49,23.25,28.93,16.54,11.45,32.03,20.5,11.84,9,1.13,0.02,0.13,5.32,8.89,48.96,0.35,0.33,0,1.84,-5.19,1.58317802365338,16.36,40.137,4.826,69.400588,68.572,0.387096774193548,16.3603578818355
"Campus 2021",-106.61682,52.133629,196,2021-07-15,50,26.27,34.4,17.32,12.22,33.58,22.19,15.29,9.73,1.19,0.02,0,5.73,9.46,44.44,0.34,0.32,0,2.51,-5.73,2.28501191643658,16.325,40.006,6.239,72.78142412,71.8692,0.370384468976018,16.3248886991046
"Campus 2021",-106.61682,52.133629,197,2021-07-16,51,23.6,28.46,18.74,10.62,33.75,18.55,7.39,7.73,0.88,0.02,0,3.86,8.48,45.56,0.34,0.32,0,3.89,-3.86,1.74220215798647,16.288,39.87,3.019,69.5455584,68.6232,0.327542372881356,16.2881477247368
"Campus 2021",-106.61682,52.133629,198,2021-07-17,52,25.59,35.2,16.94,12.15,33.86,19.24,7.98,8.11,0.92,0.02,0,4.81,9.38,45.83,0.33,0.31,0,3.2,-4.81,2.39117853754439,16.25,39.729,3.264,72.08482803,71.164,0.316920672137554,16.2501680572178
"Campus 2021",-106.61682,52.133629,199,2021-07-18,53,22.42,28.65,15.86,13.25,35.5,18.11,7.92,8.04,1,0.02,0,3.07,9.95,58.78,0.33,0.31,0,3.03,-3.07,1.34124383645454,16.211,39.583,3.244,69.10135124,68.39,0.358608385370205,16.2109830549315
"Campus 2021",-106.61682,52.133629,200,2021-07-19,54,22.38,28.99,15.36,12.66,36.78,7.88,0.56,3.71,0.48,0.01,0,2.76,9.54,56.78,0.33,0.31,0,3.44,-2.76,1.40949014158373,16.171,39.433,0.23,68.88855036,68.1376,0.165773011617516,16.1706262478649
"Campus 2021",-106.61682,52.133629,201,2021-07-20,55,21.01,26.52,15.94,14.37,35.53,8.22,0.55,3.52,0.36,0.01,0.39,1.59,10.81,66.82,0.33,0.32,0,2.32,-1.2,1.00131785681115,16.129,39.277,0.226,67.66133318,67.3832,0.167539267015707,16.1291312530436
"Campus 2021",-106.61682,52.133629,202,2021-07-21,56,24.52,31.31,17.08,16.94,33.82,20.25,11.48,8.88,1.06,0.02,0.1,3.31,12.72,66.12,0.33,0.32,0,1.56,-3.21,1.32961567783856,16.087,39.117,4.721,72.75653776,71.8184,0.362153344208809,16.0865316939477
"Campus 2021",-106.61682,52.133629,203,2021-07-22,57,25.19,32.34,17.12,11.78,32.11,23.42,20.38,10.05,1.22,0.03,1.02,3.9,9.39,48.91,0.33,0.32,0,3.5,-2.88,2.01729206436117,16.043,38.952,8.394,71.90699471,70.6308,0.398967844382692,16.0428611241139
"Campus 2021",-106.61682,52.133629,204,2021-07-23,58,20.65,27.76,12.95,6.15,28.48,26.97,31.4,11.7,1.47,0.03,1.23,2.87,6.34,44.98,0.33,0.32,0,4.65,-1.64,1.66523474840446,15.998,38.783,12.953,65.7898463,64.064,0.566585956416465,15.9981529550746
"Campus 2021",-106.61682,52.133629,205,2021-07-24,59,21.33,27.82,14.2,6.12,28.68,27.38,36.28,12.1,1.53,0.03,0,2.85,6.17,39.12,0.32,0.3,0,4.8,-2.85,1.73701943906341,15.952,38.609,14.99,66.24399304,64.7332,0.56727613689639,15.9524403887462
"Campus 2021",-106.61682,52.133629,206,2021-07-25,60,20.22,25.7,14.35,9.18,33.09,14.36,8.34,6.52,0.87,0.02,0.34,1.84,7.65,50.35,0.32,0.3,0,2.31,-1.5,1.30664341370987,15.906,38.43,3.452,65.5571123,64.7248,0.322453016815035,15.9057563543317
"Campus 2021",-106.61682,52.133629,207,2021-07-26,61,21.83,27.55,15.12,10.62,32.73,21.84,13.64,9.61,1.18,0.03,2.19,2.46,8.42,51.87,0.33,0.34,0,1.01,-0.27,1.42032095005162,15.858,38.247,5.655,67.77487879,66.8532,0.440219880897847,15.8581334497679
"Campus 2021",-106.61682,52.133629,208,2021-07-27,62,24.02,31.82,16.6,11.5,33.6,19.76,9.34,8.47,0.98,0.02,2.08,2.93,8.95,46.94,0.33,0.34,0,2.57,-0.85,1.94083911677128,15.81,38.059,3.88,70.20601812,69.36,0.352622814321399,15.8096038877089
"Campus 2021",-106.61682,52.133629,209,2021-07-28,63,23.03,29.6,14.31,7.98,29.9,26.74,33.57,11.95,1.52,0.03,0,3.19,7,40.25,0.33,0.32,0,2.13,-3.19,1.81749762616746,15.76,37.867,13.972,68.37542925,67.1028,0.5188884064264,15.7601994460076
"Campus 2021",-106.61682,52.133629,210,2021-07-29,64,23.87,32.95,16.7,10.86,34.15,16.68,6.7,7.51,0.95,0.02,0.14,2.59,8.59,46.96,0.32,0.3,0,2.66,-2.45,2.15800792667765,15.71,37.671,2.794,70.01667848,68.9796,0.31462086300796,15.7099514226279
"Campus 2021",-106.61682,52.133629,211,2021-07-30,65,23.25,30.87,14.9,12.27,32.29,25.68,31.14,11.65,1.48,0.03,0.15,2.7,9.37,55.43,0.32,0.3,0,2.19,-2.55,1.64913885738381,15.659,37.47,13.014,69.96461025,68.8672,0.501075268817204,15.6588905948961
"Campus 2021",-106.61682,52.133629,212,2021-07-31,66,23.64,31.01,14.84,10.35,30.84,26.58,36.99,12.14,1.56,0.03,0.68,3.01,8.17,46.14,0.32,0.31,0,1.65,-2.33,1.83438307789037,15.607,37.266,15.491,69.64880104,68.566,0.513536379018612,15.6070471829771
"Campus 2021",-106.61682,52.133629,213,2021-08-01,67,25.57,32.21,16.41,10.46,33.06,21.72,17.71,9.7,1.23,0.03,0.18,2.71,8.28,40.5,0.32,0.29,0,1.63,-2.53,2.07257365714191,15.554,37.057,7.433,71.4724915,70.5356,0.379350801720767,15.5544508174446
"Campus 2021",-106.61682,52.133629,214,2021-08-02,68,28.01,35.23,21.2,11.36,36.17,13.36,2.55,5.44,0.55,0.01,0.06,2.52,8.87,37.11,0.32,0.29,0,1.78,-2.46,2.76158807444142,15.501,36.844,1.073,73.97193589,73.2996,0.194216351303106,15.5011305107981
"Campus 2021",-106.61682,52.133629,215,2021-08-03,69,24.36,28.6,19.95,15.18,35.38,5.13,0.46,2.47,0.3,0.01,1.91,0.95,11.52,58.2,0.32,0.32,0,2.51,0.96,1.39727639362319,15.447,36.627,0.194,71.7447448,71.0248,0.101395730706076,15.4471146327674
"Campus 2021",-106.61682,52.133629,216,2021-08-04,70,21.42,26.47,17.08,15.23,33.3,14.43,5.21,6.28,0.77,0.02,0.88,1.16,11.37,69.56,0.32,0.33,0,3.4,-0.28,0.97097823260856,15.392,36.406,2.203,68.45387448,68.1028,0.293183940242764,15.3924308892372
"Campus 2021",-106.61682,52.133629,217,2021-08-05,71,22.87,29.68,15.35,12.35,32.4,20.2,15.16,9.02,1.12,0.02,0.01,2.56,9.44,55.37,0.32,0.32,0,0.82,-2.55,1.5196666166837,15.337,36.181,6.426,69.44327781,68.516,0.394403148229121,15.3371063046143
"Campus 2021",-106.61682,52.133629,218,2021-08-06,72,26.42,33.89,19.31,12.8,34.03,16.73,7.02,7.3,0.86,0.02,0.18,2.41,9.88,44.65,0.32,0.3,0,3.56,-2.23,2.28514698898458,15.281,35.953,2.984,72.9938147,72.228,0.276305828917487,15.2811672074599
"Campus 2021",-106.61682,52.133629,219,2021-08-07,73,22.05,26.26,17.99,12.24,33.91,9.62,1.01,4.11,0.44,0.01,0.29,1.12,9.58,55.61,0.32,0.31,0,2.17,-0.83,1.31311342402668,15.225,35.72,0.43,68.34765495,67.6564,0.186394557823129,15.2246392192013
"Campus 2021",-106.61682,52.133629,220,2021-08-08,74,19.03,23.26,15.9,8.5,30.54,15.92,1.72,7.28,1,0.02,0.07,0.95,7.39,51.95,0.32,0.31,0,3.13,-0.88,1.22042118602055,15.168,35.484,0.735,64.07267415,63.29,0.382553862322648,15.1675472457415
"Campus 2021",-106.61682,52.133629,221,2021-08-09,75,16.68,20.48,13.46,10.22,30.62,9.42,4.45,4.44,0.63,0.01,5.84,0.79,8.21,66.53,0.33,0.4,0,1.08,5.05,0.729846583064511,15.11,35.245,1.908,61.28324196,61.5592,0.266187050359712,15.1099154717816
"Campus 2021",-106.61682,52.133629,222,2021-08-10,76,18.07,23.53,13.57,7.22,30.34,16.77,13.5,7.63,1.04,0.02,3.42,1.77,6.83,52.31,0.34,0.39,0,5.38,1.65,1.21052008857643,15.052,35.002,5.805,62.81426283,61.8692,0.422246817930271,15.0517673576769
"Campus 2021",-106.61682,52.133629,223,2021-08-11,77,18.06,23.77,13.07,6.53,29.75,20.26,21.57,9.13,1.19,0.02,0.2,1.82,6.43,47.98,0.33,0.34,0,5.87,-1.62,1.25378499125439,14.993,34.755,9.305,62.64599612,61.6108,0.505537098560354,14.9931256386475
"Campus 2021",-106.61682,52.133629,224,2021-08-12,78,17.13,23.19,11.22,6.59,27.75,24.64,33.66,10.95,1.39,0.03,0.03,1.85,6.36,52.2,0.33,0.32,0,4.22,-1.82,1.11292378444128,14.934,34.505,14.568,61.5631414,60.7024,0.63922942206655,14.9340123261716
"Campus 2021",-106.61682,52.133629,225,2021-08-13,79,21.38,29.19,12.7,9,29.34,24.89,38.06,11.26,1.42,0.03,0.02,2.95,7.52,47.47,0.33,0.32,0,2.26,-2.93,1.61113722785591,14.874,34.252,16.528,66.87718514,65.82,0.5266604303087,14.874448711392
"Campus 2021",-106.61682,52.133629,226,2021-08-14,80,25.12,35.61,14.88,10.14,32.87,21.75,23.7,9.85,1.26,0.03,2.22,3.43,8.2,42.3,0.33,0.34,0,3.04,-1.21,2.51401738845239,14.814,33.995,10.328,71.1178024,69.9704,0.392117834394904,14.8144553703754
"Campus 2021",-106.61682,52.133629,227,2021-08-15,81,24.16,30.21,18.74,12.24,33.57,20.54,17.73,9.34,1.18,0.03,0.02,2.58,9.41,48.95,0.33,0.31,0,2.01,-2.56,1.80324796956332,14.754,33.735,7.754,70.5778068,69.7664,0.38658940397351,14.7540521710671
"Campus 2021",-106.61682,52.133629,228,2021-08-16,82,21.39,27.76,15.04,10.01,33.44,11.4,2.28,5.15,0.64,0.01,0,1.25,8.34,49.33,0.33,0.31,0,3.34,-1.25,1.48975145326812,14.693,33.472,1.001,67.01788013,66.1936,0.240766713417485,14.6932582817942
"Campus 2021",-106.61682,52.133629,229,2021-08-17,83,14.32,17.47,11.04,5.94,30.86,5.23,0.44,2.61,0.37,0.01,4.98,0.41,6.13,58.7,0.33,0.36,0,2.87,4.57,0.724949755854511,14.632,33.207,0.194,57.8268816,57.6584,0.182262569832402,14.6320921811741
"Campus 2021",-106.61682,52.133629,230,2021-08-18,84,14.3,18.9,9.65,7.48,28.5,14.65,4.37,6.19,0.72,0.01,4.03,0.73,6.76,65.81,0.34,0.43,0,1.49,3.3,0.656205520979731,14.571,32.938,1.933,57.7888917,58.1928,0.432867132867133,14.5705716692963
"Campus 2021",-106.61682,52.133629,231,2021-08-19,85,15.06,18.75,11.99,8.39,29.36,9.23,0.45,3.81,0.4,0.01,0.82,0.69,7.25,65.86,0.34,0.37,0,0.84,0.13,0.680875439007876,14.509,32.666,0.2,58.89995084,59.2804,0.252988047808765,14.5087138800491
"Campus 2021",-106.61682,52.133629,232,2021-08-20,86,14.07,18.23,10.68,10.67,30.13,10.01,2.78,4.63,0.62,0.01,6.94,0.28,8.47,80.75,0.35,0.44,0,1.22,6.66,0.405331036494701,14.447,32.392,1.24,57.39735975,59.1112,0.32906894100924,14.4465352944736
"Campus 2021",-106.61682,52.133629,233,2021-08-21,87,14.33,20.43,7.34,5.57,27.35,22.23,27.26,9.8,1.24,0.02,0.52,2,5.97,59.42,0.36,0.38,0,1.79,-1.48,0.805710441001607,14.384,32.115,12.209,57.83997714,57.5352,0.683879972086532,14.3840517550337
"Campus 2021",-106.61682,52.133629,234,2021-08-22,88,11.12,12.93,7.62,7.53,30.28,4.29,0.42,2.19,0.32,0.01,7.73,0.1,6.87,79.2,0.37,0.45,0,3.36,7.63,0.229206269601561,14.321,31.835,0.189,52.7005696,55.0308,0.196942446043165,14.3212784806978
"Campus 2021",-106.61682,52.133629,235,2021-08-23,89,11.61,16.85,7.83,9.02,30.54,6.48,0.85,3.14,0.44,0.01,11.15,0.44,7.6,85.14,0.38,0.48,0,3.55,10.71,0.340274956976843,14.258,31.553,0.384,53.31498646,56.0572,0.270456503014643,14.2582300827364
"Campus 2021",-106.61682,52.133629,236,2021-08-24,90,11.6,15.8,8.09,8.18,29.73,8.74,2.34,4.13,0.58,0.01,6.34,0.6,7.1,80.63,0.4,0.48,0,2.6,5.74,0.351272340040635,14.195,31.268,1.062,53.4254592,55.7448,0.356034482758621,14.1949205811465
"Campus 2021",-106.61682,52.133629,237,2021-08-25,91,13.56,19.29,8.13,6.37,27.87,15.84,11.45,6.92,0.91,0.02,0.05,2.27,6.24,64.54,0.4,0.42,0,1.18,-2.22,0.700526589515917,14.131,30.981,5.223,56.71848776,57.0532,0.510324483775811,14.1313634216203
"Campus 2021",-106.61682,52.133629,238,2021-08-26,92,15.19,21.42,8.64,8.76,28.93,16.91,17.6,7.45,0.93,0.02,0.32,1.92,7.45,67.43,0.39,0.39,0,4.21,-1.6,0.706563189823481,14.068,30.692,8.067,59.10160083,59.5436,0.490454246214615,14.0675714929829
"Campus 2021",-106.61682,52.133629,239,2021-08-27,93,14.87,18.19,12.6,13.17,31.04,7.53,0.52,3.58,0.48,0.01,18.93,0.29,9.98,89.81,0.41,0.53,0,2.79,18.64,0.259385511212586,14.004,30.401,0.24,58.72306953,60.8112,0.240753194351042,14.0035571450313
"Campus 2021",-106.61682,52.133629,240,2021-08-28,94,16,21.72,11.57,11.08,28.93,16.47,13.93,7.42,0.96,0.02,0.38,2.24,8.68,75.41,0.42,0.44,0,2.68,-1.86,0.661482660866452,13.939,30.107,6.449,60.421314,61.1888,0.46375,13.9393322067098
"Campus 2021",-106.61682,52.133629,241,2021-08-29,95,16.98,24.05,9.66,9.98,27.9,18.63,24.52,8.4,1.07,0.02,0,3.39,8.04,67.03,0.41,0.41,0,0.96,-3.39,0.870227753613171,13.875,29.812,11.412,61.73638706,61.7728,0.49469964664311,13.8749080045685
"Campus 2021",-106.61682,52.133629,242,2021-08-30,96,18.93,27.47,10.88,11.44,28.16,20.32,31.85,9.13,1.16,0.02,3.53,3.19,8.94,65.26,0.4,0.44,0,2.45,0.34,1.13191697935463,13.81,29.514,14.903,64.53130082,64.2484,0.48230322239831,13.8102953814505
"Campus 2021",-106.61682,52.133629,243,2021-08-31,97,19,25.41,13.45,14.52,31.5,10.86,8.95,4.93,0.63,0.01,15.9,1.77,11.11,77.25,0.41,0.48,0,2.88,14.13,0.740822046508871,13.746,29.215,4.211,65.173975,65.4272,0.259473684210526,13.7455047153657
"Campus 2021",-106.61682,52.133629,244,2021-09-01,98,15.16,20.28,9.68,9.58,28.8,14.26,14.71,6.42,0.84,0.01,0.27,1.83,8.07,72.45,0.43,0.46,0,2.49,-1.56,0.596651711932517,13.681,28.914,6.96,59.0928358,59.8088,0.423482849604222,13.6805459385084
"Campus 2021",-106.61682,52.133629,245,2021-09-02,99,13.16,17.66,9.68,8.73,30.78,8.26,5.51,3.84,0.55,0.01,2.65,0.8,7.41,75.1,0.42,0.44,0,4.81,1.85,0.483773990099753,13.615,28.612,2.622,56.0046284,57.5028,0.291793313069909,13.6154285563845
"Campus 2021",-106.61682,52.133629,246,2021-09-03,100,14.19,20.47,10.16,7.69,30.77,11.67,9.98,5.29,0.72,0.01,1.23,1.8,6.9,67.66,0.42,0.44,0,3.18,-0.57,0.773833312258891,13.55,28.308,4.777,57.62346446,58.1584,0.372797744890768,13.5501616670177
"Campus 2021",-106.61682,52.133629,247,2021-09-04,101,14.9,21.71,8.24,7.68,26.99,18.94,28.04,8.4,1.05,0.02,0.06,2.36,6.89,65.48,0.41,0.41,0,1.43,-2.3,0.794356028935559,13.485,28.003,13.503,58.6643148,58.8648,0.563758389261745,13.4847539802068
"Campus 2021",-106.61682,52.133629,248,2021-09-05,102,17.53,27.12,9.11,8.87,28.42,15.98,14.06,7.22,0.93,0.02,0,2.7,7.55,60.07,0.4,0.4,0,2.75,-2.7,1.2355113745229,13.419,27.696,6.812,62.33425829,61.9232,0.41186537364518,13.4192138368131
"Campus 2021",-106.61682,52.133629,249,2021-09-06,103,16.4,23.36,12.19,8.54,28.97,13.56,16.06,6.19,0.81,0.01,7.62,1.48,7.38,61.99,0.4,0.46,0,3.14,6.14,1.03281269186807,13.354,27.388,7.831,60.7841264,60.6744,0.377439024390244,13.3535492280582
"Campus 2021",-106.61682,52.133629,250,2021-09-07,104,15.56,22.56,9.68,6.32,26.21,19.74,35.87,8.76,1.07,0.02,1.42,2.35,6.24,56.77,0.4,0.42,0,3.81,-0.93,1.0126428718492,13.288,27.08,17.601,59.53056788,59.0352,0.562982005141388,13.2877678148168
"Campus 2021",-106.61682,52.133629,251,2021-09-08,105,16.06,23.75,8.4,6.3,27.64,18.68,28.82,8.35,1.04,0.02,0.2,2.55,6.26,55.2,0.4,0.4,0,1.2,-2.35,1.06614588679857,13.222,26.77,14.235,60.1914688,59.528,0.519925280199253,13.2218769468938
"Preston 2021",-106.621066,52.122358,147,2021-05-27,1,12.75,20.21,3.2,-0.17,24.55,29.61,38.79,12.93,1.65,0.03,0.07,2.51,3.96,44.17,0.41,0.4,0,6.48,-2.44,0.965404654242298,16.206,40.076,15.686,55.88654825,53.8888,1.01411764705882,16.2058385776536
"Preston 2021",-106.621066,52.122358,148,2021-05-28,2,15.1,21.72,9.72,4.06,29.23,21.45,20.4,9.45,1.28,0.03,2.25,2.52,5.42,50.42,0.41,0.42,0,6.03,-0.27,1.08539013784865,16.245,40.204,8.243,58.8582258,57.7616,0.625827814569536,16.2453359309256
"Preston 2021",-106.621066,52.122358,149,2021-05-29,3,14.19,19.54,9.23,4.3,26.69,25.6,27.98,11.1,1.45,0.03,0.13,2.21,5.46,53.99,0.41,0.4,0,5.55,-2.08,0.888647951344545,16.284,40.328,11.298,57.65789919,56.938,0.782241014799154,16.2836078070076
"Preston 2021",-106.621066,52.122358,150,2021-05-30,4,15.76,22.84,5.97,2.8,25.5,30.75,45.59,13.5,1.72,0.03,0,4.03,4.91,46.33,0.4,0.39,0,1.89,-4.03,1.11065256165655,16.321,40.447,18.396,59.66900192,57.968,0.856598984771574,16.3206210395276
"Preston 2021",-106.621066,52.122358,151,2021-05-31,5,18.16,24.51,12.26,7.25,28.82,20.88,9.26,9.26,1.23,0.02,1.32,2.66,6.74,50.73,0.39,0.39,0,3.62,-1.34,1.23241196925705,16.356,40.56,3.734,62.87565232,61.97,0.509911894273128,16.3563427784401
"Preston 2021",-106.621066,52.122358,152,2021-06-01,6,19.46,25.23,12.71,11.25,30.17,23.25,16.13,10.41,1.37,0.03,2.25,2.64,8.79,61.3,0.39,0.42,0,1.75,-0.39,1.00579347198597,16.391,40.668,6.501,65.1063902,64.71,0.534943473792395,16.3907405834268
"Preston 2021",-106.621066,52.122358,153,2021-06-02,7,22.25,28.8,15.1,13.67,31.34,24.95,23.18,11.31,1.47,0.03,0.9,3.84,10.4,59.68,0.39,0.41,0,2.76,-2.94,1.27325226459877,16.424,40.771,9.338,68.934272,68.3712,0.508314606741573,16.4237825201099
"Preston 2021",-106.621066,52.122358,154,2021-06-03,8,25.17,33.68,16.06,14.49,32.09,27.79,32.94,12.57,1.6,0.04,0.14,6.36,10.98,55.81,0.39,0.38,0,1.93,-6.22,1.87502735657363,16.455,40.869,13.263,72.61377323,71.5864,0.499404052443385,16.4554372586379
"Preston 2021",-106.621066,52.122358,155,2021-06-04,9,22.84,28.05,17.29,10.52,31.81,21.02,18.93,9.56,1.28,0.03,0.16,5.49,8.67,50.5,0.38,0.37,0,2.64,-5.33,1.61082325828271,16.486,40.961,7.619,68.997758,67.8272,0.418563922942207,16.4856741741511
"Preston 2021",-106.621066,52.122358,156,2021-06-05,10,20.67,26.74,13.49,9.66,30.7,20.79,13.21,9.41,1.26,0.03,0.6,3.83,8.02,50.83,0.38,0.36,0,3.14,-3.23,1.32858030298154,16.514,41.048,5.315,66.17550539,65.3476,0.455249153362361,16.5144634485848
"Preston 2021",-106.621066,52.122358,157,2021-06-06,11,15.63,19.29,10.34,7.16,29.24,17.2,9.47,7.79,1.07,0.02,0.63,1.82,6.73,58.83,0.37,0.37,0,4.21,-1.19,0.73390052154772,16.542,41.129,3.809,59.65078771,59.4076,0.498400511836212,16.5417761732194
"Preston 2021",-106.621066,52.122358,158,2021-06-07,12,16.98,22.3,12.04,3.65,28.24,24.39,24.72,10.63,1.4,0.03,0.6,3.35,5.34,44.88,0.37,0.37,0,3.92,-2.75,1.255981728233,16.568,41.205,9.94,61.18037776,59.494,0.62603062426384,16.5675844513454
"Preston 2021",-106.621066,52.122358,159,2021-06-08,13,16.54,23,10.09,7.6,29.97,17.4,6.99,7.86,1.09,0.02,3.12,2.44,6.93,57.94,0.37,0.38,0,1.84,0.68,0.978489356934584,16.592,41.276,2.81,60.89942324,60.476,0.475211608222491,16.5918615003705
"Preston 2021",-106.621066,52.122358,160,2021-06-09,14,19.05,23.53,13.37,11.43,32.96,14.83,9.88,6.7,0.94,0.02,1.84,3.06,8.83,63.63,0.38,0.41,0,3.81,-1.22,0.866850646601361,16.615,41.341,3.971,64.63170985,64.3648,0.351706036745407,16.6145817526647
"Preston 2021",-106.621066,52.122358,161,2021-06-10,15,19.02,25.69,14.04,13.25,32.8,11.04,3.56,5.21,0.73,0.02,19.66,2.44,10.1,71.59,0.39,0.49,0,4.36,17.22,0.929073207940243,16.636,41.4,1.431,64.94908382,64.99,0.273922187171399,16.6357209544134
"Preston 2021",-106.621066,52.122358,162,2021-06-11,16,16.83,21.13,13.2,9.42,30.15,15.83,4.48,7.19,0.99,0.02,7.81,2.75,7.94,65.02,0.42,0.51,0,5.62,5.06,0.831134880302036,16.655,41.454,1.8,61.46787734,61.4212,0.427213309566251,16.6552562617308
"Preston 2021",-106.621066,52.122358,163,2021-06-12,17,17.55,23.7,10.09,6.99,27.7,24.12,21.61,10.69,1.42,0.03,0.01,4.31,6.59,52.53,0.41,0.41,0,2.46,-4.3,1.081791590062,16.673,41.503,8.681,62.13053485,61.2664,0.609116809116809,16.6731663332776
"Preston 2021",-106.621066,52.122358,164,2021-06-13,18,19.47,26.47,10.01,7.43,27.22,30.93,42.8,13.66,1.75,0.04,0,6.49,6.76,49.43,0.41,0.39,0,2,-6.49,1.31050797005476,16.689,41.546,17.193,64.52999079,63.3448,0.701592193117617,16.6894314186249
"Preston 2021",-106.621066,52.122358,165,2021-06-14,19,23.72,31.7,14.19,10.98,30.17,30.16,42.28,13.68,1.74,0.04,0.19,8.31,8.61,47.93,0.4,0.38,0,4.59,-8.12,1.83556119188698,16.704,41.583,16.984,69.91451604,68.8728,0.57672849915683,16.7040334416215
"Preston 2021",-106.621066,52.122358,166,2021-06-15,20,26.18,34.96,17.04,14.22,32.81,28.24,35.01,12.93,1.66,0.04,5.47,9.27,10.84,50.64,0.39,0.38,0,5.64,-3.8,2.15481288147019,16.717,41.615,14.064,73.38925648,72.4992,0.4938884644767,16.716956078037
"Preston 2021",-106.621066,52.122358,167,2021-06-16,21,20.13,23.92,16.25,10.16,29.57,26.66,30.27,11.91,1.57,0.04,2.38,3.94,8.56,56.68,0.39,0.44,0,5.17,-1.56,1.16734365620892,16.728,41.642,12.16,65.79564716,64.9876,0.591654247391952,16.7281848267904
"Preston 2021",-106.621066,52.122358,168,2021-06-17,22,16.71,21.53,11.39,5.94,29.46,21.03,20.32,9.44,1.28,0.03,0.06,3.6,6.12,50.81,0.38,0.38,0,5.58,-3.54,1.0268671558796,16.738,41.662,8.164,60.97471749,60.0484,0.56493117893477,16.7377070741111
"Preston 2021",-106.621066,52.122358,169,2021-06-18,23,16.05,21.07,10.46,8.99,30.98,14.94,8.72,6.89,0.98,0.02,0.55,2.91,7.51,64.69,0.38,0.38,0,3.2,-2.36,0.734715879833097,16.746,41.678,3.504,60.32874755,60.4864,0.429283489096573,16.7455121500344
"Preston 2021",-106.621066,52.122358,170,2021-06-19,24,15.37,20.51,12.12,9.03,29.52,18.36,10.76,8.4,1.14,0.02,4.26,1.43,7.57,66.78,0.38,0.43,0,3,2.83,0.763000428115539,16.752,41.687,4.324,59.36160514,59.8208,0.546519193233572,16.7515913766945
"Preston 2021",-106.621066,52.122358,171,2021-06-20,25,13.81,19.03,9.02,4.21,26.68,25.91,26.05,11.24,1.48,0.03,0.21,2.83,5.48,56.12,0.38,0.39,0,3.83,-2.62,0.850172788208609,16.756,41.691,10.47,57.13361028,56.5256,0.813902968863143,16.755938107949
"Preston 2021",-106.621066,52.122358,172,2021-06-21,26,17.18,24.02,7.81,5.9,27.25,28.04,30.68,12.32,1.59,0.03,0.03,4.01,6.26,48.92,0.38,0.37,0,2.21,-3.98,1.09454243786561,16.759,41.689,12.333,61.54065144,60.504,0.717112922002328,16.758547759948
"Preston 2021",-106.621066,52.122358,173,2021-06-22,27,22.92,29.44,14.02,11.45,31.39,23.32,23.23,10.57,1.4,0.03,1.28,6,9.11,51.07,0.37,0.37,0,2.28,-4.72,1.50212329767107,16.759,41.682,9.34,69.15038156,68.242,0.461169284467714,16.7594178323446
"Preston 2021",-106.621066,52.122358,174,2021-06-23,28,19.8,23.78,14.26,11.17,30.67,22.37,20.35,9.99,1.35,0.03,4.97,4.01,8.92,60.69,0.38,0.43,0,4.41,0.96,0.957606342336698,16.759,41.669,8.185,65.5557838,65.0212,0.504545454545455,16.7585479199367
"Preston 2021",-106.621066,52.122358,175,2021-06-24,29,18.11,23.17,12.4,9.79,28.6,26.55,24.34,11.8,1.53,0.03,0.01,3.13,7.94,60.02,0.38,0.38,0,1.65,-3.12,0.92840257401974,16.756,41.651,9.792,63.14716578,62.8344,0.651573716178907,16.7559397146229
"Preston 2021",-106.621066,52.122358,176,2021-06-25,30,21.22,27.2,14.06,11.66,31.88,20.07,14.87,9.13,1.23,0.03,0.38,4.64,9.07,56.25,0.37,0.37,0,3.3,-4.26,1.23464659783519,16.752,41.627,5.984,67.2613375,66.6176,0.430254476908577,16.7515969976512
"Preston 2021",-106.621066,52.122358,177,2021-06-26,31,22.64,28.2,14.92,14.2,32.13,27.99,33.27,12.79,1.67,0.04,0.84,5.57,10.65,62.54,0.37,0.36,0,2.16,-4.73,1.14086864705564,16.746,41.598,13.393,69.71264544,68.952,0.564929328621908,16.7455256222374
"Preston 2021",-106.621066,52.122358,178,2021-06-27,32,22.16,26.86,17.17,13.17,30.5,28.95,37.2,13.1,1.68,0.04,0.66,4.71,9.99,59.26,0.36,0.37,0,2.92,-4.05,1.2328839242891,16.738,41.563,14.981,68.77611584,68.1012,0.59115523465704,16.7377334867248
"Preston 2021",-106.621066,52.122358,179,2021-06-28,33,23.48,30.09,15.28,10.48,31.01,28.66,37.42,12.99,1.67,0.04,0.02,7.05,8.27,46.23,0.36,0.35,0,1.49,-7.03,1.73259504962459,16.728,41.522,15.075,69.45416596,68.4528,0.553236797274276,16.7282304985493
"Preston 2021",-106.621066,52.122358,180,2021-06-29,34,25.47,32.55,16.33,11.99,31.63,28.89,36.35,12.99,1.66,0.04,0,7.69,9.21,45.22,0.35,0.33,0,1.02,-7.69,1.97906189329481,16.717,41.476,14.651,71.86659866,70.9864,0.510011778563015,16.7170285293618
"Preston 2021",-106.621066,52.122358,181,2021-06-30,35,27,33.86,19.41,12.71,32.93,27.63,34.75,12.47,1.59,0.04,0.34,7.17,9.62,43.39,0.35,0.33,0,2.3,-6.83,2.29641547730197,16.704,41.424,14.013,73.563377,72.7756,0.461851851851852,16.7041413617426
"Preston 2021",-106.621066,52.122358,182,2021-07-01,36,27.97,35.63,19.1,11.85,31.51,30.01,41.07,13.43,1.71,0.04,0.8,6.9,9.11,39.48,0.34,0.32,0,4.31,-6.1,2.6274557547513,16.69,41.367,16.57,74.24219044,73.436,0.480157311405077,16.6895846280146
"Preston 2021",-106.621066,52.122358,183,2021-07-02,37,30.22,39.45,21.11,14.54,35.01,27.46,32.87,12.57,1.63,0.04,0.07,6.29,11.04,40.23,0.33,0.3,0,4.13,-6.22,3.17740055283118,16.673,41.304,13.268,77.06124094,76.6544,0.415949702183984,16.6733757417314
"Preston 2021",-106.621066,52.122358,184,2021-07-03,38,25.5,30.94,19.41,13.28,33.62,22.98,19.15,10.47,1.37,0.03,0.63,3.53,10.58,51.15,0.33,0.31,0,4.08,-2.9,1.84026509563395,16.656,41.236,7.735,72.5533675,71.4808,0.410588235294118,16.6555338224705
"Preston 2021",-106.621066,52.122358,185,2021-07-04,39,21.83,25.99,16.89,10.79,32.1,21.45,16.87,9.8,1.29,0.03,0.09,2.67,8.5,50.19,0.33,0.31,0,3.44,-2.58,1.34731199859204,16.636,41.163,6.818,67.65204223,66.9144,0.448923499770957,16.6360796146083
"Preston 2021",-106.621066,52.122358,186,2021-07-05,40,19.71,25.71,13.94,9.28,32.67,18.67,15.78,8.41,1.16,0.03,1.02,2.67,7.64,53.85,0.33,0.32,0,2.94,-1.65,1.27831713119136,16.615,41.084,6.382,65.07224665,64.2508,0.426686960933536,16.6150354007922
"Preston 2021",-106.621066,52.122358,187,2021-07-06,41,17.07,21.66,11.91,9.37,31.57,17.4,5.04,8.02,1.1,0.03,1.08,1.28,7.66,61.74,0.33,0.33,0,2.21,-0.2,0.814846350278254,16.592,41,2.04,61.73150782,61.6432,0.469830111306385,16.592424910848
"Preston 2021",-106.621066,52.122358,188,2021-07-07,42,18.84,24.14,12.94,13.61,32.69,23.12,17.81,10.45,1.37,0.03,25.07,1.7,10.28,72.74,0.36,0.49,0,1.96,23.37,0.69187784501958,16.568,40.911,7.213,64.72575384,64.9396,0.554670912951168,16.5682732268769
"Preston 2021",-106.621066,52.122358,189,2021-07-08,43,21.51,26.64,14.45,13.59,32.29,24.63,21.11,11.05,1.42,0.03,4.33,5.49,10.26,62.42,0.38,0.44,0,1.42,-1.16,1.01171161652064,16.543,40.816,8.556,68.08931658,67.6024,0.513714551371455,16.542606685302
"Preston 2021",-106.621066,52.122358,190,2021-07-09,44,23.87,29.39,16.62,13.54,31.65,27.33,28.69,12.16,1.54,0.03,1.2,7.32,10.18,54.29,0.38,0.4,0,0.94,-6.12,1.44264918379577,16.515,40.716,11.637,70.70066277,69.9444,0.509426057813155,16.515452776617
"Preston 2021",-106.621066,52.122358,191,2021-07-10,45,25.66,31.89,17.97,13.84,31.74,27.55,30.33,12.22,1.53,0.03,0.32,8.45,10.39,50.19,0.37,0.37,0,2.7,-8.13,1.81055812790384,16.487,40.61,12.313,72.65739646,71.8424,0.476227591582229,16.4868400435787
"Preston 2021",-106.621066,52.122358,192,2021-07-11,46,23.83,30.72,16.78,12,32.99,21.12,15.08,9.5,1.24,0.03,0.43,6.9,9.23,49.47,0.36,0.35,0,3.78,-6.47,1.76355320802715,16.457,40.5,6.128,70.19890399,69.35,0.398657154846832,16.4567979785597
"Preston 2021",-106.621066,52.122358,193,2021-07-12,47,21.24,27.47,14.99,9.86,29.46,26.83,27.56,11.56,1.42,0.03,0,5.48,7.97,50.89,0.35,0.34,0,3.52,-5.48,1.46800528789661,16.425,40.384,11.209,66.92807564,65.9896,0.544256120527307,16.4253569207486
"Preston 2021",-106.621066,52.122358,194,2021-07-13,48,21.53,27.7,13.78,10.48,31.23,24.05,16.81,10.55,1.31,0.03,0,5.31,8.3,51.02,0.35,0.34,0,1.82,-5.31,1.37709578058745,16.393,40.263,6.844,67.31819994,66.5028,0.490013934045518,16.3925479538506
"Preston 2021",-106.621066,52.122358,195,2021-07-14,49,23.25,28.93,16.54,11.45,32.03,20.5,11.84,9,1.13,0.02,0.13,5.32,8.89,48.96,0.35,0.33,0,1.84,-5.19,1.58317802365338,16.358,40.138,4.825,69.400588,68.572,0.387096774193548,16.3584028048974
"Preston 2021",-106.621066,52.122358,196,2021-07-15,50,26.27,34.4,17.32,12.22,33.58,22.19,15.29,9.73,1.19,0.02,0,5.73,9.46,44.44,0.34,0.32,0,2.51,-5.73,2.28501191643658,16.323,40.007,6.238,72.78142412,71.8692,0.370384468976018,16.3229537447292
"Preston 2021",-106.621066,52.122358,197,2021-07-16,51,23.6,28.46,18.74,10.62,33.75,18.55,7.39,7.73,0.88,0.02,0,3.86,8.48,45.56,0.34,0.32,0,3.89,-3.86,1.74220215798647,16.286,39.871,3.019,69.5455584,68.6232,0.327542372881356,16.2862334906651
"Preston 2021",-106.621066,52.122358,198,2021-07-17,52,25.59,35.2,16.94,12.15,33.86,19.24,7.98,8.11,0.92,0.02,0,4.81,9.38,45.83,0.33,0.31,0,3.2,-4.81,2.39117853754439,16.248,39.73,3.264,72.08482803,71.164,0.316920672137554,16.248275111824
"Preston 2021",-106.621066,52.122358,199,2021-07-18,53,22.42,28.65,15.86,13.25,35.5,18.11,7.92,8.04,1,0.02,0,3.07,9.95,58.78,0.33,0.31,0,3.03,-3.07,1.34124383645454,16.209,39.584,3.243,69.10135124,68.39,0.358608385370205,16.2091119375054
"Preston 2021",-106.621066,52.122358,200,2021-07-19,54,22.38,28.99,15.36,12.66,36.78,7.88,0.56,3.71,0.48,0.01,0,2.76,9.54,56.78,0.33,0.31,0,3.44,-2.76,1.40949014158373,16.169,39.434,0.23,68.88855036,68.1376,0.165773011617516,16.1687774689885
"Preston 2021",-106.621066,52.122358,201,2021-07-20,55,21.01,26.52,15.94,14.37,35.53,8.22,0.55,3.52,0.36,0.01,0.39,1.59,10.81,66.82,0.33,0.32,0,2.32,-1.2,1.00131785681115,16.127,39.279,0.226,67.66133318,67.3832,0.167539267015707,16.1273052950518
"Preston 2021",-106.621066,52.122358,202,2021-07-21,56,24.52,31.31,17.08,16.94,33.82,20.25,11.48,8.88,1.06,0.02,0.1,3.31,12.72,66.12,0.33,0.32,0,1.56,-3.21,1.32961567783856,16.085,39.119,4.72,72.75653776,71.8184,0.362153344208809,16.0847290114675
"Preston 2021",-106.621066,52.122358,203,2021-07-22,57,25.19,32.34,17.12,11.78,32.11,23.42,20.38,10.05,1.22,0.03,1.02,3.9,9.39,48.91,0.33,0.32,0,3.5,-2.88,2.01729206436117,16.041,38.954,8.392,71.90699471,70.6308,0.398967844382692,16.0410821446712
"Preston 2021",-106.621066,52.122358,204,2021-07-23,58,20.65,27.76,12.95,6.15,28.48,26.97,31.4,11.7,1.47,0.03,1.23,2.87,6.34,44.98,0.33,0.32,0,4.65,-1.64,1.66523474840446,15.996,38.784,12.951,65.7898463,64.064,0.566585956416465,15.9963980797623
"Preston 2021",-106.621066,52.122358,205,2021-07-24,59,21.33,27.82,14.2,6.12,28.68,27.38,36.28,12.1,1.53,0.03,0,2.85,6.17,39.12,0.32,0.3,0,4.8,-2.85,1.73701943906341,15.951,38.61,14.988,66.24399304,64.7332,0.56727613689639,15.9507099929449
"Preston 2021",-106.621066,52.122358,206,2021-07-25,60,20.22,25.7,14.35,9.18,33.09,14.36,8.34,6.52,0.87,0.02,0.34,1.84,7.65,50.35,0.32,0.3,0,2.31,-1.5,1.30664341370987,15.904,38.432,3.451,65.5571123,64.7248,0.322453016815035,15.9040507884758
"Preston 2021",-106.621066,52.122358,207,2021-07-26,61,21.83,27.55,15.12,10.62,32.73,21.84,13.64,9.61,1.18,0.03,2.19,2.46,8.42,51.87,0.33,0.34,0,1.01,-0.27,1.42032095005162,15.856,38.249,5.654,67.77487879,66.8532,0.440219880897847,15.8564530401492
"Preston 2021",-106.621066,52.122358,208,2021-07-27,62,24.02,31.82,16.6,11.5,33.6,19.76,9.34,8.47,0.98,0.02,2.08,2.93,8.95,46.94,0.33,0.34,0,2.57,-0.85,1.94083911677128,15.808,38.061,3.879,70.20601812,69.36,0.352622814321399,15.8079489373114
"Preston 2021",-106.621066,52.122358,209,2021-07-28,63,23.03,29.6,14.31,7.98,29.9,26.74,33.57,11.95,1.52,0.03,0,3.19,7,40.25,0.33,0.32,0,2.13,-3.19,1.81749762616746,15.759,37.869,13.97,68.37542925,67.1028,0.5188884064264,15.7585702353662
"Preston 2021",-106.621066,52.122358,210,2021-07-29,64,23.87,32.95,16.7,10.86,34.15,16.68,6.7,7.51,0.95,0.02,0.14,2.59,8.59,46.96,0.32,0.3,0,2.66,-2.45,2.15800792667765,15.708,37.673,2.794,70.01667848,68.9796,0.31462086300796,15.7083482107058
"Preston 2021",-106.621066,52.122358,211,2021-07-30,65,23.25,30.87,14.9,12.27,32.29,25.68,31.14,11.65,1.48,0.03,0.15,2.7,9.37,55.43,0.32,0.3,0,2.19,-2.55,1.64913885738381,15.657,37.473,13.011,69.96461025,68.8672,0.501075268817204,15.6573136199743
"Preston 2021",-106.621066,52.122358,212,2021-07-31,66,23.64,31.01,14.84,10.35,30.84,26.58,36.99,12.14,1.56,0.03,0.68,3.01,8.17,46.14,0.32,0.31,0,1.65,-2.33,1.83438307789037,15.605,37.268,15.489,69.64880104,68.566,0.513536379018612,15.6054966635513
"Preston 2021",-106.621066,52.122358,213,2021-08-01,67,25.57,32.21,16.41,10.46,33.06,21.72,17.71,9.7,1.23,0.03,0.18,2.71,8.28,40.5,0.32,0.29,0,1.63,-2.53,2.07257365714191,15.553,37.059,7.433,71.4724915,70.5356,0.379350801720767,15.5529269531241
"Preston 2021",-106.621066,52.122358,214,2021-08-02,68,28.01,35.23,21.2,11.36,36.17,13.36,2.55,5.44,0.55,0.01,0.06,2.52,8.87,37.11,0.32,0.29,0,1.78,-2.46,2.76158807444142,15.5,36.846,1.073,73.97193589,73.2996,0.194216351303106,15.4996334832032
"Preston 2021",-106.621066,52.122358,215,2021-08-03,69,24.36,28.6,19.95,15.18,35.38,5.13,0.46,2.47,0.3,0.01,1.91,0.95,11.52,58.2,0.32,0.32,0,2.51,0.96,1.39727639362319,15.446,36.629,0.194,71.7447448,71.0248,0.101395730706076,15.4456446064203
"Preston 2021",-106.621066,52.122358,216,2021-08-04,70,21.42,26.47,17.08,15.23,33.3,14.43,5.21,6.28,0.77,0.02,0.88,1.16,11.37,69.56,0.32,0.33,0,3.4,-0.28,0.97097823260856,15.391,36.409,2.202,68.45387448,68.1028,0.293183940242764,15.3909880124437
"Preston 2021",-106.621066,52.122358,217,2021-08-05,71,22.87,29.68,15.35,12.35,32.4,20.2,15.16,9.02,1.12,0.02,0.01,2.56,9.44,55.37,0.32,0.32,0,0.82,-2.55,1.5196666166837,15.336,36.184,6.425,69.44327781,68.516,0.394403148229121,15.3356907103331
"Preston 2021",-106.621066,52.122358,218,2021-08-06,72,26.42,33.89,19.31,12.8,34.03,16.73,7.02,7.3,0.86,0.02,0.18,2.41,9.88,44.65,0.32,0.3,0,3.56,-2.23,2.28514698898458,15.28,35.955,2.983,72.9938147,72.228,0.276305828917487,15.2797790141561
"Preston 2021",-106.621066,52.122358,219,2021-08-07,73,22.05,26.26,17.99,12.24,33.91,9.62,1.01,4.11,0.44,0.01,0.29,1.12,9.58,55.61,0.32,0.31,0,2.17,-0.83,1.31311342402668,15.223,35.723,0.43,68.34765495,67.6564,0.186394557823129,15.223278531683
"Preston 2021",-106.621066,52.122358,220,2021-08-08,74,19.03,23.26,15.9,8.5,30.54,15.92,1.72,7.28,1,0.02,0.07,0.95,7.39,51.95,0.32,0.31,0,3.13,-0.88,1.22042118602055,15.166,35.487,0.735,64.07267415,63.29,0.382553862322648,15.1662141559755
"Preston 2021",-106.621066,52.122358,221,2021-08-09,75,16.68,20.48,13.46,10.22,30.62,9.42,4.45,4.44,0.63,0.01,5.84,0.79,8.21,66.53,0.33,0.4,0,1.08,5.05,0.729846583064511,15.109,35.248,1.907,61.28324196,61.5592,0.266187050359712,15.1086100596892
"Preston 2021",-106.621066,52.122358,222,2021-08-10,76,18.07,23.53,13.57,7.22,30.34,16.77,13.5,7.63,1.04,0.02,3.42,1.77,6.83,52.31,0.34,0.39,0,5.38,1.65,1.21052008857643,15.05,35.004,5.804,62.81426283,61.8692,0.422246817930271,15.0504896919058
"Preston 2021",-106.621066,52.122358,223,2021-08-11,77,18.06,23.77,13.07,6.53,29.75,20.26,21.57,9.13,1.19,0.02,0.2,1.82,6.43,47.98,0.33,0.34,0,5.87,-1.62,1.25378499125439,14.992,34.758,9.304,62.64599612,61.6108,0.505537098560354,14.9918757773203
"Preston 2021",-106.621066,52.122358,224,2021-08-12,78,17.13,23.19,11.22,6.59,27.75,24.64,33.66,10.95,1.39,0.03,0.03,1.85,6.36,52.2,0.33,0.32,0,4.22,-1.82,1.11292378444128,14.933,34.508,14.566,61.5631414,60.7024,0.63922942206655,14.9327903176096
"Preston 2021",-106.621066,52.122358,225,2021-08-13,79,21.38,29.19,12.7,9,29.34,24.89,38.06,11.26,1.42,0.03,0.02,2.95,7.52,47.47,0.33,0.32,0,2.26,-2.93,1.61113722785591,14.873,34.255,16.525,66.87718514,65.82,0.5266604303087,14.8732545948136
"Preston 2021",-106.621066,52.122358,226,2021-08-14,80,25.12,35.61,14.88,10.14,32.87,21.75,23.7,9.85,1.26,0.03,2.22,3.43,8.2,42.3,0.33,0.34,0,3.04,-1.21,2.51401738845239,14.813,33.998,10.326,71.1178024,69.9704,0.392117834394904,14.8132891765686
"Preston 2021",-106.621066,52.122358,227,2021-08-15,81,24.16,30.21,18.74,12.24,33.57,20.54,17.73,9.34,1.18,0.03,0.02,2.58,9.41,48.95,0.33,0.31,0,2.01,-2.56,1.80324796956332,14.753,33.739,7.753,70.5778068,69.7664,0.38658940397351,14.7529139230361
"Preston 2021",-106.621066,52.122358,228,2021-08-16,82,21.39,27.76,15.04,10.01,33.44,11.4,2.28,5.15,0.64,0.01,0,1.25,8.34,49.33,0.33,0.31,0,3.34,-1.25,1.48975145326812,14.692,33.476,1.001,67.01788013,66.1936,0.240766713417485,14.6921479953797
"Preston 2021",-106.621066,52.122358,229,2021-08-17,83,14.32,17.47,11.04,5.94,30.86,5.23,0.44,2.61,0.37,0.01,4.98,0.41,6.13,58.7,0.33,0.36,0,2.87,4.57,0.724949755854511,14.631,33.21,0.194,57.8268816,57.6584,0.182262569832402,14.6310098656479
"Preston 2021",-106.621066,52.122358,230,2021-08-18,84,14.3,18.9,9.65,7.48,28.5,14.65,4.37,6.19,0.72,0.01,4.03,0.73,6.76,65.81,0.34,0.43,0,1.49,3.3,0.656205520979731,14.57,32.941,1.933,57.7888917,58.1928,0.432867132867133,14.5695173279297
"Preston 2021",-106.621066,52.122358,231,2021-08-19,85,15.06,18.75,11.99,8.39,29.36,9.23,0.45,3.81,0.4,0.01,0.82,0.69,7.25,65.86,0.34,0.37,0,0.84,0.13,0.680875439007876,14.508,32.67,0.2,58.89995084,59.2804,0.252988047808765,14.5076875106559
"Preston 2021",-106.621066,52.122358,232,2021-08-20,86,14.07,18.23,10.68,10.67,30.13,10.01,2.78,4.63,0.62,0.01,6.94,0.28,8.47,80.75,0.35,0.44,0,1.22,6.66,0.405331036494701,14.446,32.395,1.24,57.39735975,59.1112,0.32906894100924,14.445536889928
"Preston 2021",-106.621066,52.122358,233,2021-08-21,87,14.33,20.43,7.34,5.57,27.35,22.23,27.26,9.8,1.24,0.02,0.52,2,5.97,59.42,0.36,0.38,0,1.79,-1.48,0.805710441001607,14.383,32.118,12.208,57.83997714,57.5352,0.683879972086532,14.3830813037635
"Preston 2021",-106.621066,52.122358,234,2021-08-22,88,11.12,12.93,7.62,7.53,30.28,4.29,0.42,2.19,0.32,0.01,7.73,0.1,6.87,79.2,0.37,0.45,0,3.36,7.63,0.229206269601561,14.32,31.839,0.189,52.7005696,55.0308,0.196942446043165,14.3203359671533
"Preston 2021",-106.621066,52.122358,235,2021-08-23,89,11.61,16.85,7.83,9.02,30.54,6.48,0.85,3.14,0.44,0.01,11.15,0.44,7.6,85.14,0.38,0.48,0,3.55,10.71,0.340274956976843,14.257,31.557,0.384,53.31498646,56.0572,0.270456503014643,14.257315487836
"Preston 2021",-106.621066,52.122358,236,2021-08-24,90,11.6,15.8,8.09,8.18,29.73,8.74,2.34,4.13,0.58,0.01,6.34,0.6,7.1,80.63,0.4,0.48,0,2.6,5.74,0.351272340040635,14.194,31.272,1.062,53.4254592,55.7448,0.356034482758621,14.1940338826992
"Preston 2021",-106.621066,52.122358,237,2021-08-25,91,13.56,19.29,8.13,6.37,27.87,15.84,11.45,6.92,0.91,0.02,0.05,2.27,6.24,64.54,0.4,0.42,0,1.18,-2.22,0.700526589515917,14.131,30.985,5.222,56.71848776,57.0532,0.510324483775811,14.1305045947262
"Preston 2021",-106.621066,52.122358,238,2021-08-26,92,15.19,21.42,8.64,8.76,28.93,16.91,17.6,7.45,0.93,0.02,0.32,1.92,7.45,67.43,0.39,0.39,0,4.21,-1.6,0.706563189823481,14.067,30.696,8.066,59.10160083,59.5436,0.490454246214615,14.0667405104121
"Preston 2021",-106.621066,52.122358,239,2021-08-27,93,14.87,18.19,12.6,13.17,31.04,7.53,0.52,3.58,0.48,0.01,18.93,0.29,9.98,89.81,0.41,0.53,0,2.79,18.64,0.259385511212586,14.003,30.405,0.239,58.72306953,60.8112,0.240753194351042,14.0027539775815
"Preston 2021",-106.621066,52.122358,240,2021-08-28,94,16,21.72,11.57,11.08,28.93,16.47,13.93,7.42,0.96,0.02,0.38,2.24,8.68,75.41,0.42,0.44,0,2.68,-1.86,0.661482660866452,13.939,30.111,6.448,60.421314,61.1888,0.46375,13.9385568235449
"Preston 2021",-106.621066,52.122358,241,2021-08-29,95,16.98,24.05,9.66,9.98,27.9,18.63,24.52,8.4,1.07,0.02,0,3.39,8.04,67.03,0.41,0.41,0,0.96,-3.39,0.870227753613171,13.874,29.816,11.41,61.73638706,61.7728,0.49469964664311,13.8741603735367
"Preston 2021",-106.621066,52.122358,242,2021-08-30,96,18.93,27.47,10.88,11.44,28.16,20.32,31.85,9.13,1.16,0.02,3.53,3.19,8.94,65.26,0.4,0.44,0,2.45,0.34,1.13191697935463,13.81,29.519,14.901,64.53130082,64.2484,0.48230322239831,13.8095754693843
"Preston 2021",-106.621066,52.122358,243,2021-08-31,97,19,25.41,13.45,14.52,31.5,10.86,8.95,4.93,0.63,0.01,15.9,1.77,11.11,77.25,0.41,0.48,0,2.88,14.13,0.740822046508871,13.745,29.22,4.21,65.173975,65.4272,0.259473684210526,13.7448124883641
"Preston 2021",-106.621066,52.122358,244,2021-09-01,98,15.16,20.28,9.68,9.58,28.8,14.26,14.71,6.42,0.84,0.01,0.27,1.83,8.07,72.45,0.43,0.46,0,2.49,-1.56,0.596651711932517,13.68,28.919,6.958,59.0928358,59.8088,0.423482849604222,13.6798813622014
"Preston 2021",-106.621066,52.122358,245,2021-09-02,99,13.16,17.66,9.68,8.73,30.78,8.26,5.51,3.84,0.55,0.01,2.65,0.8,7.41,75.1,0.42,0.44,0,4.81,1.85,0.483773990099753,13.615,28.617,2.621,56.0046284,57.5028,0.291793313069909,13.6147915961816
"Preston 2021",-106.621066,52.122358,246,2021-09-03,100,14.19,20.47,10.16,7.69,30.77,11.67,9.98,5.29,0.72,0.01,1.23,1.8,6.9,67.66,0.42,0.44,0,3.18,-0.57,0.773833312258891,13.55,28.313,4.776,57.62346446,58.1584,0.372797744890768,13.54955228834
"Preston 2021",-106.621066,52.122358,247,2021-09-04,101,14.9,21.71,8.24,7.68,26.99,18.94,28.04,8.4,1.05,0.02,0.06,2.36,6.89,65.48,0.41,0.41,0,1.43,-2.3,0.794356028935559,13.484,28.008,13.499,58.6643148,58.8648,0.563758389261745,13.4841721487045
"Preston 2021",-106.621066,52.122358,248,2021-09-05,102,17.53,27.12,9.11,8.87,28.42,15.98,14.06,7.22,0.93,0.02,0,2.7,7.55,60.07,0.4,0.4,0,2.75,-2.7,1.2355113745229,13.419,27.701,6.811,62.33425829,61.9232,0.41186537364518,13.4186595185678
"Preston 2021",-106.621066,52.122358,249,2021-09-06,103,16.4,23.36,12.19,8.54,28.97,13.56,16.06,6.19,0.81,0.01,7.62,1.48,7.38,61.99,0.4,0.46,0,3.14,6.14,1.03281269186807,13.353,27.393,7.829,60.7841264,60.6744,0.377439024390244,13.3530223897715
"Preston 2021",-106.621066,52.122358,250,2021-09-07,104,15.56,22.56,9.68,6.32,26.21,19.74,35.87,8.76,1.07,0.02,1.42,2.35,6.24,56.77,0.4,0.42,0,3.81,-0.93,1.0126428718492,13.287,27.085,17.597,59.53056788,59.0352,0.562982005141388,13.2872684239856
"Preston 2021",-106.621066,52.122358,251,2021-09-08,105,16.06,23.75,8.4,6.3,27.64,18.68,28.82,8.35,1.04,0.02,0.2,2.55,6.26,55.2,0.4,0.4,0,1.2,-2.35,1.06614588679857,13.221,26.775,14.231,60.1914688,59.528,0.519925280199253,13.2214049719723
"Campus 2022",-106.61682,52.133629,144,2022-05-24,1,15.35,22.66,7.65,6.68,27.02,23.47,19.71,10.22,1.35,0.03,0.17,2.46,6.47,61.67,0.42,0.41,0,2.39,-2.29,0.919734562404478,16.082,39.657,7.993,59.28637155,58.9548,0.665798045602606,16.0821284795103
"Campus 2022",-106.61682,52.133629,145,2022-05-25,2,15.54,22.45,8.7,6.01,29,19.78,12.29,8.7,1.15,0.02,0.06,2.43,6.18,55.49,0.41,0.41,0,2.52,-2.37,0.985372518671301,16.125,39.801,4.979,59.48924454,58.9036,0.55984555984556,16.125124911454
"Campus 2022",-106.61682,52.133629,146,2022-05-26,3,15.61,21.39,7.97,6.83,27.11,27.23,34.48,12.09,1.56,0.03,0.1,2.82,6.51,58.97,0.41,0.4,0,2.34,-2.72,0.8186443603241,16.167,39.94,13.957,59.62455483,59.2688,0.774503523382447,16.1669959160663
"Campus 2022",-106.61682,52.133629,147,2022-05-27,4,14.74,20.7,9.4,8.56,28.51,17.37,11.24,8,1.09,0.02,3.23,1.21,7.42,69.27,0.41,0.43,0,2.61,2.02,0.696098686408195,16.208,40.074,4.546,58.44208402,59.0216,0.542740841248304,16.2077078768386
"Campus 2022",-106.61682,52.133629,148,2022-05-28,5,15.43,21.91,10.41,10.14,29.82,19.72,13.98,8.94,1.22,0.02,5.28,2.01,8.25,73.73,0.41,0.47,0,2.87,3.27,0.706232821058051,16.247,40.203,5.65,59.51768361,60.2804,0.579390797148412,16.2472272333603
"Campus 2022",-106.61682,52.133629,149,2022-05-29,6,13.29,18.09,8.43,8.13,29.15,21.57,24.83,9.76,1.32,0.03,0.32,1.38,7.2,73.79,0.41,0.43,0,3.79,-1.06,0.50782527575379,16.286,40.327,10.028,56.22155409,57.4168,0.73438675696012,16.2855205642462
"Campus 2022",-106.61682,52.133629,150,2022-05-30,7,12.72,17.44,6.87,6.82,28.94,16.06,9.28,7.35,1.05,0.02,0.34,1.63,6.54,68.87,0.41,0.42,0,5.03,-1.29,0.503128323919565,16.323,40.446,3.745,55.42745136,56.3752,0.577830188679245,16.3225546738898
"Campus 2022",-106.61682,52.133629,151,2022-05-31,8,11.62,17.83,4.58,0.93,23.98,29.69,41.26,12.83,1.65,0.03,0,2.08,4.3,52.7,0.41,0.4,0,5.33,-2.08,0.791122521950246,16.358,40.559,16.641,54.2386026,53.1548,1.10413080895009,16.3582966827608
"Campus 2022",-106.61682,52.133629,152,2022-06-01,9,11.89,17.68,4.39,1.74,25.13,27.32,30.38,11.77,1.51,0.03,0.05,2.07,4.53,53.08,0.4,0.4,0,4.62,-2.02,0.73669790369266,16.393,40.667,12.246,54.58855988,53.7164,0.989907485281749,16.3927141209096
"Campus 2022",-106.61682,52.133629,153,2022-06-02,10,13.14,20.07,6.96,1.66,23.88,30.83,43.65,13.25,1.69,0.03,0,2.73,4.54,50.59,0.4,0.39,0,4.4,-2.73,0.985084201080894,16.426,40.77,17.586,56.29008074,54.9376,1.00837138508371,16.4257750242936
"Campus 2022",-106.61682,52.133629,154,2022-06-03,11,14.46,20.17,6.61,3.14,25.51,28.48,37.75,12.48,1.6,0.03,0.04,2.88,5.06,47.79,0.4,0.39,0,1.81,-2.84,0.90381420881866,16.457,40.868,15.201,58.01995966,56.7904,0.863070539419087,16.4574480334815
"Campus 2022",-106.61682,52.133629,155,2022-06-04,12,15.59,22.56,6.66,2.36,25.04,30.77,42.91,13.37,1.7,0.03,0,4.07,4.74,43.96,0.39,0.38,0,2.74,-4.07,1.13305359044999,16.488,40.96,17.273,59.42645036,57.6396,0.85760102629891,16.4877024942458
"Campus 2022",-106.61682,52.133629,156,2022-06-05,13,13.63,20.48,6.34,4.05,25.87,27.37,30.23,11.99,1.58,0.03,0,2.81,5.35,55.67,0.39,0.37,0,4.5,-2.81,0.866853605124611,16.517,41.047,12.164,56.89143279,56.288,0.879677182685253,16.5165085594968
"Campus 2022",-106.61682,52.133629,157,2022-06-06,14,13.3,19.92,4.97,3.75,25.01,29.72,36.12,13.02,1.68,0.03,0,2.4,5.22,55.47,0.38,0.37,0,3.26,-2.4,0.799518593515545,16.544,41.128,14.53,56.4445249,55.85,0.978947368421053,16.5438372919704
"Campus 2022",-106.61682,52.133629,158,2022-06-07,15,15.55,20.96,7.69,5.39,29.52,18.35,18.09,8.06,1.11,0.02,0.11,3.08,5.86,53.38,0.38,0.37,0,2.05,-2.97,0.869240975005941,16.57,41.204,7.275,59.4797441,58.6904,0.518327974276527,16.5696607670331
"Campus 2022",-106.61682,52.133629,159,2022-06-08,16,17.93,24.05,9.05,5.72,29.13,23.34,24.38,10.26,1.34,0.03,0.67,4.4,6.02,47.56,0.38,0.37,0,1.49,-3.73,1.15523990304535,16.594,41.275,9.802,62.46445292,61.1892,0.572225320691578,16.5939521749331
"Campus 2022",-106.61682,52.133629,160,2022-06-09,17,16.57,21.32,13,10.74,29.82,17.97,14.77,8.25,1.1,0.02,6.31,1.85,8.5,70.08,0.39,0.45,0,2.15,4.46,0.726818845478507,16.617,41.34,5.937,61.19639344,61.6364,0.497887748943874,16.6166859217908
"Campus 2022",-106.61682,52.133629,161,2022-06-10,18,17.27,24.71,11.03,11.09,30.53,13.52,10.34,6.37,0.88,0.02,4.57,1.97,8.79,69.43,0.39,0.44,0,3.5,2.6,0.893783803610058,16.638,41.4,4.155,62.23086539,62.4624,0.368847712796757,16.637837728597
"Campus 2022",-106.61682,52.133629,162,2022-06-11,19,17.53,23.54,9.79,8.94,29.94,16.66,6.02,7.72,1.08,0.02,1.06,3.1,7.6,59.83,0.39,0.4,0,1.69,-2.04,0.913207646485235,16.657,41.454,2.419,62.32692701,61.9484,0.440387906446092,16.6573847274715
"Campus 2022",-106.61682,52.133629,163,2022-06-12,20,17.63,21.74,12.06,11.1,30.21,18.47,14.37,8.5,1.16,0.02,2.4,2.44,8.76,67.63,0.39,0.42,0,1.54,-0.04,0.683733694043075,16.675,41.502,5.774,62.71314731,62.826,0.482132728304027,16.6753055544218
"Campus 2022",-106.61682,52.133629,164,2022-06-13,21,17.4,23.09,11.06,13.38,31.19,10.75,0.75,5.21,0.76,0.01,13.12,1.42,10.32,78.88,0.4,0.49,0,3.37,11.7,0.535935562329211,16.692,41.545,0.301,62.7020288,63.4168,0.299425287356322,16.6915804378456
"Campus 2022",-106.61682,52.133629,165,2022-06-14,22,15.53,20.43,9.6,7.68,29.64,15.63,6.1,7.18,1.04,0.02,0.57,2.55,7.08,63.21,0.41,0.46,0,2.31,-1.98,0.748706310020727,16.706,41.583,2.451,59.55861787,59.4948,0.462330972311655,16.7061912820293
"Campus 2022",-106.61682,52.133629,166,2022-06-15,23,14.76,19.12,9.63,9.84,29.52,9.75,1.42,4.76,0.71,0.01,3.11,2.23,8.19,74.77,0.41,0.44,0,2.3,0.88,0.490997431760253,16.719,41.615,0.57,58.48918148,59.5024,0.322493224932249,16.7191217449166
"Campus 2022",-106.61682,52.133629,167,2022-06-16,24,16.86,22.03,12.21,11.25,31.03,18.59,9.03,8.59,1.19,0.03,0.43,3.57,8.77,71.94,0.41,0.43,0,3.45,-3.14,0.700725237538463,16.73,41.641,3.628,61.67697316,62.11,0.509489916963227,16.7303573094529
"Campus 2022",-106.61682,52.133629,168,2022-06-17,25,21.63,29.28,12.13,12.48,30.64,26.14,26.22,11.92,1.56,0.03,0.3,6.38,9.56,59.17,0.4,0.4,0,5.26,-6.08,1.29517116871107,16.74,41.662,10.535,68.02947629,67.3228,0.551086453999075,16.7398853478521
"Campus 2022",-106.61682,52.133629,169,2022-06-18,26,25.35,32.79,18.7,17.31,32.88,24,22.89,10.95,1.43,0.03,2.84,7.79,13.27,63.04,0.39,0.4,0,3.63,-4.95,1.58772249927944,16.748,41.677,9.198,73.6396136,72.7816,0.431952662721893,16.7476951781864
"Campus 2022",-106.61682,52.133629,170,2022-06-19,27,20.23,25.1,16.44,15.61,32.29,12.35,0.52,5.97,0.85,0.02,1.09,2.41,11.73,76.56,0.39,0.42,0,1.85,-1.32,0.754850747642015,16.754,41.687,0.209,67.07142712,67.0496,0.29510627780524,16.7537781127612
"Campus 2022",-106.61682,52.133629,171,2022-06-20,28,16.41,19.1,13.14,13.65,32.32,10.41,1.8,5.09,0.73,0.02,7.86,0.89,10.29,84.35,0.4,0.47,0,2.46,6.97,0.298675748632268,16.758,41.691,0.724,61.23346665,62.524,0.310176721511274,16.7581274978073
"Campus 2022",-106.61682,52.133629,172,2022-06-21,29,16.5,20.59,11.41,11.65,30.02,24.58,22.82,11.23,1.48,0.03,2.32,1.95,8.99,74.76,0.41,0.45,0,2.32,0.37,0.516452033132434,16.761,41.689,9.175,61.186366,61.894,0.680606060606061,16.7607387441021
"Campus 2022",-106.61682,52.133629,173,2022-06-22,30,19.89,26.48,12.61,11.32,30.27,25.85,25.83,11.76,1.55,0.03,0.44,5.4,8.83,60.37,0.4,0.41,0,3.33,-4.96,1.11806059266883,16.762,41.682,10.387,65.66550707,65.1652,0.591251885369532,16.7616093482186
"Campus 2022",-106.61682,52.133629,174,2022-06-23,31,18.13,23.17,11.5,11.91,30.3,20.24,9.34,9.36,1.28,0.03,2.36,3.58,9.21,69.6,0.4,0.41,0,2.22,-1.22,0.703435464459859,16.761,41.669,3.757,63.5247952,63.6176,0.516271373414231,16.7607389041885
"Campus 2022",-106.61682,52.133629,175,2022-06-24,32,13.42,17.87,8.64,8.74,30.83,14.14,10.9,6.48,0.92,0.02,5.52,1.74,7.44,75.08,0.4,0.45,0,4.41,3.78,0.45574204480485,16.758,41.651,4.386,56.40873864,57.7664,0.482861400894188,16.7581291054624
"Campus 2022",-106.61682,52.133629,176,2022-06-25,33,14.78,19.71,7.68,8.68,28.71,23.36,19.4,10.47,1.39,0.03,1.46,2.33,7.32,69.33,0.41,0.45,0,4.93,-0.87,0.549627511242987,16.754,41.627,7.808,58.50211426,59.1048,0.708389715832206,16.7537837371483
"Campus 2022",-106.61682,52.133629,177,2022-06-26,34,18.71,25.6,10.2,8.33,27.63,29.79,37.11,13.05,1.64,0.03,0,6.11,7.17,56.01,0.4,0.4,0,3.04,-6.11,1.16648628304073,16.748,41.597,14.941,63.82034629,62.9088,0.69748797434527,16.7477086586018
"Campus 2022",-106.61682,52.133629,178,2022-06-27,35,17.44,22.52,12.09,9.59,29.62,25.22,24.82,11.31,1.48,0.03,0.07,4.7,7.8,62.64,0.39,0.39,0,3.2,-4.63,0.875245505406751,16.74,41.562,9.997,62.28405184,62.0924,0.648509174311927,16.7399117765431
"Campus 2022",-106.61682,52.133629,179,2022-06-28,36,16.15,21.89,8.62,7.25,26.81,29.83,34.66,13.09,1.69,0.03,0.04,4.87,6.65,58.9,0.39,0.38,0,1.69,-4.83,0.853372330334276,16.73,41.521,13.966,60.3760265,59.96,0.810526315789474,16.7304030089632
"Campus 2022",-106.61682,52.133629,180,2022-06-29,37,18.64,26.92,12.8,11.48,31.22,14.33,9.74,6.71,0.94,0.02,0.73,4.28,9.03,64.57,0.38,0.38,0,4.48,-3.55,1.15823651130387,16.719,41.475,3.926,64.08037952,63.9728,0.359978540772532,16.7191942401736
"Campus 2022",-106.61682,52.133629,181,2022-06-30,38,16.62,22.19,10.67,7.63,27.03,30,40.45,13.3,1.71,0.03,0.05,4.2,6.92,59.8,0.38,0.38,0,3.52,-4.15,0.933386325506103,16.706,41.424,16.313,61.0501724,60.5668,0.800240673886883,16.706299267434
"Campus 2022",-106.61682,52.133629,182,2022-07-01,39,15.59,21.08,9.9,7.24,29.98,18.7,11.89,8.32,1.12,0.02,0.36,3.46,6.66,59.5,0.38,0.37,0,2.05,-3.1,0.840988646894039,16.692,41.366,4.798,59.6026895,59.3964,0.533675432969853,16.6917337396673
"Campus 2022",-106.61682,52.133629,183,2022-07-02,40,13.81,17.78,8.84,8.12,30.25,19.46,12.94,8.76,1.18,0.02,3.29,1.3,7.1,69.4,0.38,0.41,0,1.9,1.99,0.504075791022992,16.676,41.304,5.224,57.0501986,57.9332,0.634322954380883,16.675515088838
"Campus 2022",-106.61682,52.133629,184,2022-07-03,41,17.32,23.41,9.23,9.29,29.84,25.94,23.95,11.54,1.5,0.03,0.12,4.32,7.66,61.86,0.38,0.39,0,1.82,-4.2,0.852168743048878,16.658,41.236,9.675,62.09023048,61.8644,0.666281755196305,16.6576624546253
"Campus 2022",-106.61682,52.133629,185,2022-07-04,42,18.7,24.41,12.58,9.58,29.86,21.12,9.07,9.49,1.27,0.03,1.79,4.24,7.82,58.06,0.37,0.38,0,2.55,-2.45,1.06376629028385,16.638,41.162,3.666,63.8930678,63.3488,0.507486631016043,16.6381966030716
"Campus 2022",-106.61682,52.133629,186,2022-07-05,43,16.99,21.19,11.96,11.3,32.14,8.65,0.78,4.24,0.61,0.01,0.49,2.15,8.77,70.73,0.37,0.39,0,3.15,-1.66,0.618381383096255,16.617,41.083,0.315,61.84436673,62.258,0.249558563861095,16.61713983992
"Campus 2022",-106.61682,52.133629,187,2022-07-06,44,18.23,23.91,12.27,12.28,32.37,18.28,11.1,8.4,1.13,0.02,0.39,3.85,9.36,70.65,0.37,0.38,0,2.21,-3.46,0.76908792592253,16.595,40.999,4.493,63.71405005,63.8508,0.460778935820077,16.5945159193823
"Campus 2022",-106.61682,52.133629,188,2022-07-07,45,19.79,25.94,12.52,11.64,30.55,27.28,30.68,12.38,1.59,0.03,0.03,4.67,8.94,62.24,0.37,0.37,0,3.12,-4.64,1.03081265641802,16.57,40.91,12.426,65.62370304,65.1804,0.625568468923699,16.5703499490939
"Campus 2022",-106.61682,52.133629,189,2022-07-08,46,23.5,32.26,16.14,14.19,33.87,19.12,19.83,8.86,1.19,0.03,0.79,5.74,10.7,59.21,0.37,0.36,0,3.71,-4.95,1.71136736974219,16.545,40.815,8.038,70.6431765,69.8084,0.377021276595745,16.5446682920148
"Campus 2022",-106.61682,52.133629,190,2022-07-09,47,22.89,28.12,17.73,13.88,32.4,24.46,27,11.23,1.48,0.03,0.89,5.98,10.44,58.74,0.36,0.36,0,2.07,-5.09,1.3315730976013,16.517,40.715,10.953,69.75221014,69.0868,0.490607252075142,16.5174984660337
"Campus 2022",-106.61682,52.133629,191,2022-07-10,48,20.3,24.69,15.66,11.87,30.61,21.88,22.07,10,1.33,0.03,2.42,3.72,9.2,61.12,0.36,0.38,0,2.7,-1.3,1.05384217747673,16.489,40.609,8.961,66.2861264,65.7732,0.492610837438424,16.4888690420158
"Campus 2022",-106.61682,52.133629,192,2022-07-11,49,20.73,26.06,14.61,10.26,29.32,28.54,37.6,12.91,1.65,0.03,0.96,5.31,8.17,53.49,0.36,0.36,0,3.98,-4.35,1.26862520550406,16.459,40.499,15.281,66.41982223,65.6236,0.622768933912205,16.4588095410124
"Campus 2022",-106.61682,52.133629,193,2022-07-12,50,23.11,30.26,13.42,11.54,30.65,28.98,40.23,13.26,1.7,0.04,0.25,7.04,8.93,51.94,0.35,0.35,0,2.07,-6.79,1.56245212149639,16.427,40.383,16.365,69.47498066,68.4644,0.573777585460839,16.4273503313233
"Campus 2022",-106.61682,52.133629,194,2022-07-13,51,25.85,33.2,17.89,13.98,32.9,20.11,15.06,9.36,1.25,0.03,1.09,6.23,10.67,50.57,0.35,0.34,0,4.25,-5.14,1.97170923492646,16.395,40.262,6.133,72.94861155,72.0828,0.362088974854932,16.3945225260619
"Campus 2022",-106.61682,52.133629,195,2022-07-14,52,22.47,28.05,16.72,10.59,29.88,28.52,34.18,12.69,1.65,0.04,1.54,5.62,8.51,51.01,0.35,0.37,0,2.14,-4.08,1.56986523122722,16.36,40.137,13.932,68.55359753,67.4824,0.56475300400534,16.3603578818355
"Campus 2022",-106.61682,52.133629,196,2022-07-15,53,25.57,32.86,16.73,13.59,32.07,28,36.19,12.8,1.63,0.03,0.15,6.88,10.32,49.74,0.34,0.33,0,2.49,-6.73,1.89117477026379,16.325,40.006,14.768,72.49021282,71.6624,0.500586624951115,16.3248886991046
"Campus 2022",-106.61682,52.133629,197,2022-07-16,54,27.06,35.56,18.25,15,32.21,28.68,41.97,13.03,1.66,0.04,0.9,6.8,11.36,53.39,0.34,0.33,0,2.96,-5.9,2.24244153775939,16.288,39.87,17.146,74.88669066,73.66,0.481522542498152,16.2881477247368
"Campus 2022",-106.61682,52.133629,198,2022-07-17,55,24.42,30.68,17.56,13.87,33.07,20.61,19.72,9.47,1.27,0.03,0.67,4.7,10.48,55.28,0.33,0.32,0,2.63,-4.03,1.62426132594092,16.25,39.729,8.066,71.53954224,70.6132,0.387796887796888,16.2501680572178
"Campus 2022",-106.61682,52.133629,199,2022-07-18,56,23.86,30.54,16.11,11.57,31.65,23.18,19.71,10.59,1.4,0.03,4.68,4.44,9.05,50.06,0.33,0.33,0,2,0.239999999999999,1.7403411674324,16.211,39.583,8.072,70.29289284,69.2252,0.443839061190277,16.2109830549315
"Campus 2022",-106.61682,52.133629,200,2022-07-19,57,22.97,29.02,16.27,14,31.81,26.74,34.87,12.26,1.57,0.03,8.52,3.82,10.59,59.5,0.35,0.45,0,3.05,4.7,1.3314476030469,16.171,39.433,14.3,69.9276785,69.21,0.533739660426643,16.1706262478649
"Campus 2022",-106.61682,52.133629,201,2022-07-20,58,20.12,25.63,13.83,9.34,28.98,28.27,37.63,12.64,1.63,0.03,4.38,4.6,7.81,54.12,0.36,0.42,0,4.42,-0.22,1.26009525170764,16.129,39.277,15.453,65.63809456,64.6824,0.628230616302187,16.1291312530436
"Campus 2022",-106.61682,52.133629,202,2022-07-21,59,21.38,28.18,14.32,9.86,29.59,27.18,34.25,12.23,1.57,0.03,0.31,5.27,8.02,50.2,0.35,0.35,0,4,-4.96,1.50937726957065,16.087,39.117,14.085,67.0646324,66.1296,0.572029934518241,16.0865316939477
"Campus 2022",-106.61682,52.133629,203,2022-07-22,60,19.88,25.74,14.26,10.3,31.01,20.72,19.36,9.41,1.25,0.03,3.47,3.29,8.31,56.86,0.35,0.38,0,2.76,0.18,1.21504164735343,16.043,38.952,7.974,65.46255032,64.788,0.473340040241449,16.0428611241139
"Campus 2022",-106.61682,52.133629,204,2022-07-23,61,16.2,21.36,10.27,8.5,30.76,19.57,10.47,8.7,1.14,0.02,0.59,2.69,7.26,63.43,0.35,0.36,0,2.51,-2.1,0.786567241035254,15.998,38.783,4.319,60.5244134,60.46,0.537037037037037,15.9981529550746
"Campus 2022",-106.61682,52.133629,205,2022-07-24,62,21.14,28.95,11,10.92,30.8,23.27,23.58,10.46,1.36,0.03,0.46,5,8.7,55.58,0.35,0.34,0,1.82,-4.54,1.34762210995714,15.952,38.609,9.742,67.10757588,66.2712,0.494796594134343,15.9524403887462
"Campus 2022",-106.61682,52.133629,206,2022-07-25,63,18.18,20.85,14.09,13.16,31.94,12.32,3.61,5.84,0.83,0.02,4.28,1.33,10.11,74.32,0.35,0.4,0,2.13,2.95,0.522538049679705,15.906,38.43,1.494,63.77430224,64.1176,0.321232123212321,15.9057563543317
"Campus 2022",-106.61682,52.133629,207,2022-07-26,64,18.02,24.03,11.58,7.58,28.66,24.64,28.53,10.94,1.43,0.03,0.08,3.53,6.85,53.15,0.35,0.36,0,3.52,-3.45,1.13423933661767,15.858,38.247,11.829,62.7776037,61.9488,0.607103218645949,15.8581334497679
"Campus 2022",-106.61682,52.133629,208,2022-07-27,65,17.79,24.6,9.83,7.41,27.36,27.33,36.87,12.08,1.54,0.03,0.04,3.86,6.74,52.93,0.35,0.34,0,2.66,-3.82,1.12310972217193,15.81,38.059,15.316,62.46299453,61.6576,0.679033164699269,15.8096038877089
"Campus 2022",-106.61682,52.133629,209,2022-07-28,66,20.22,27.46,11.31,7.35,28.31,26.5,31.54,11.74,1.5,0.03,0,5.22,6.73,45.58,0.35,0.33,0,1.05,-5.22,1.47511230830601,15.76,37.867,13.127,65.28437324,64.066,0.580613254203759,15.7601994460076
"Campus 2022",-106.61682,52.133629,210,2022-07-29,67,24.85,33.05,13.8,10.06,30.34,26.51,33.77,11.82,1.5,0.03,0.03,6.26,8.29,41.25,0.34,0.32,0,1.45,-6.23,2.07814694709738,15.71,37.671,14.083,70.67786875,69.6716,0.475653923541247,15.7099514226279
"Campus 2022",-106.61682,52.133629,211,2022-07-30,68,21.84,25.35,16.19,15.53,34.16,8.44,2.71,4.14,0.6,0.01,1.98,1.64,11.68,68.84,0.34,0.34,0,1.87,0.34,0.773007831282373,15.659,37.47,1.133,69.03058944,68.6308,0.18956043956044,15.6588905948961
"Campus 2022",-106.61682,52.133629,212,2022-07-31,69,18.8,25.27,12.96,12.91,33.57,16.31,9.48,7.51,1.03,0.02,1.04,2.39,9.76,71.01,0.34,0.36,0,1.81,-1.35,0.867465156418916,15.607,37.266,3.97,64.5899512,64.6476,0.399468085106383,15.6070471829771
"Campus 2022",-106.61682,52.133629,213,2022-08-01,70,21.43,27.53,14.73,11.46,31.89,23.04,23,10.51,1.37,0.03,0.02,4.16,8.92,55.69,0.34,0.34,0,1.68,-4.14,1.32338014656933,15.554,37.057,9.654,67.50965333,66.7556,0.490433971068595,15.5544508174446
"Campus 2022",-106.61682,52.133629,214,2022-08-02,71,18.38,22.92,12.33,11.92,31.04,11.19,2.59,5.35,0.75,0.02,3.62,1.78,9.29,67.62,0.34,0.37,0,5.31,1.84,0.719418761511302,15.501,36.844,1.09,63.82241044,63.8712,0.29107725788901,15.5011305107981
"Campus 2022",-106.61682,52.133629,215,2022-08-03,72,18.16,24.02,10.72,10.42,28.99,21.7,20.52,9.74,1.28,0.03,0.13,2.34,8.32,63.81,0.34,0.36,0,1.48,-2.21,0.875008898787011,15.447,36.627,8.654,63.35678704,63.1112,0.536343612334802,15.4471146327674
"Campus 2022",-106.61682,52.133629,216,2022-08-04,73,22.89,34.39,14.1,10.57,30.23,21.78,19.32,9.7,1.28,0.03,0.04,5.11,8.53,51.33,0.34,0.33,0,3.72,-5.07,2.2466999184257,15.392,36.406,8.168,69.13265263,67.8952,0.423765836609873,15.3924308892372
"Campus 2022",-106.61682,52.133629,217,2022-08-05,74,15.17,19.45,9.68,7.61,29.66,11.54,6.72,5.4,0.77,0.02,1.08,1.45,6.88,62.2,0.34,0.33,0,5.51,-0.37,0.686234565040019,15.337,36.181,2.849,59.0344826,59.1096,0.35596572181938,15.3371063046143
"Campus 2022",-106.61682,52.133629,218,2022-08-06,75,16.95,23.85,7.84,5.45,26.91,25.6,34.59,11.28,1.43,0.03,0,2.76,5.87,51.12,0.34,0.33,0,2.3,-2.76,1.10901527988683,15.281,35.953,14.702,61.2975316,60.112,0.665486725663717,15.2811672074599
"Campus 2022",-106.61682,52.133629,219,2022-08-07,76,21.97,29.29,14.44,10.17,31.85,19.19,21.72,8.73,1.16,0.02,0.15,3.28,8.2,49.12,0.34,0.32,0,3.08,-3.13,1.61698856004358,15.225,35.72,9.258,67.75528736,66.8312,0.397360036413291,15.2246392192013
"Campus 2022",-106.61682,52.133629,220,2022-08-08,77,24.18,33.28,15.72,10.36,30.52,24.47,32.73,11.15,1.43,0.03,0,4.46,8.36,44.63,0.33,0.31,0,3.56,-4.46,2.18988222401529,15.168,35.484,13.991,70.18732866,69.1096,0.461124896608768,15.1675472457415
"Campus 2022",-106.61682,52.133629,221,2022-08-09,78,18.67,25.19,11.66,6.58,27.2,25.74,39.84,11.44,1.44,0.03,0.04,2.39,6.34,47.93,0.33,0.31,0,2.8,-2.35,1.3142442420302,15.11,35.245,17.08,63.42775569,62.2388,0.612747723620782,15.1099154717816
"Campus 2022",-106.61682,52.133629,222,2022-08-10,79,19.25,24.01,12.37,8.65,30.32,18.51,18.3,8.33,1.1,0.02,0.22,1.38,7.3,51.64,0.33,0.31,0,2.83,-1.16,1.09019886915797,15.052,35.002,7.87,64.349273,63.564,0.432727272727273,15.0517673576769
"Campus 2022",-106.61682,52.133629,223,2022-08-11,80,20.66,25.65,17.84,14.15,32.99,14.81,10.85,6.89,0.9,0.02,3.46,0.85,10.7,66.67,0.34,0.37,0,3.27,2.61,1.05364919182039,14.993,34.755,4.681,67.13707178,66.954,0.333494675701839,14.9931256386475
"Campus 2022",-106.61682,52.133629,224,2022-08-12,81,23.63,31.07,16,14.61,31.91,22.42,26.85,10.26,1.3,0.03,0.26,3.51,10.92,60.45,0.34,0.35,0,1.82,-3.25,1.5013616481897,14.934,34.505,11.621,70.93744165,70.0896,0.434193821413457,14.9340123261716
"Campus 2022",-106.61682,52.133629,225,2022-08-13,82,25.47,33.32,17.47,14.87,32.83,18.52,18.18,8.62,1.13,0.03,1.03,4.07,11.15,56.93,0.33,0.32,0,1.91,-3.04,1.86748558951944,14.874,34.252,7.895,73.14478029,72.0232,0.338437377306635,14.874448711392
"Campus 2022",-106.61682,52.133629,226,2022-08-14,83,24.36,31.32,18.83,14.23,32.8,18.4,18.09,8.53,1.12,0.02,2.07,3.15,10.74,56.51,0.33,0.35,0,1.93,-1.08,1.75196318961556,14.814,33.995,7.883,71.57884764,70.6828,0.350164203612479,14.8144553703754
"Campus 2022",-106.61682,52.133629,227,2022-08-15,84,22.77,29.67,14.6,11.07,31.17,22.96,32.11,10.47,1.33,0.03,0.21,3.08,8.64,50.91,0.33,0.32,0,2.02,-2.87,1.59377926290125,14.754,33.735,14.043,68.93985493,67.9552,0.459815546772069,14.7540521710671
"Campus 2022",-106.61682,52.133629,228,2022-08-16,85,24.94,33.43,16.86,10.44,32.09,23.39,32.57,10.65,1.34,0.03,0.01,3.5,8.29,42.9,0.33,0.31,0,2.2,-3.49,2.27196114706264,14.693,33.472,14.297,70.9589674,69.8984,0.427024859663192,14.6932582817942
"Campus 2022",-106.61682,52.133629,229,2022-08-17,86,22.33,27.02,18.08,12.95,32.17,17.95,19.29,8.28,1.08,0.02,2.02,1.9,9.78,56.85,0.33,0.33,0,2.95,0.12,1.32903723075258,14.632,33.207,8.5,68.82540895,68.192,0.370801612180923,14.6320921811741
"Campus 2022",-106.61682,52.133629,230,2022-08-18,87,21.54,28.4,14.71,12.78,29.56,23.21,35.25,10.48,1.31,0.03,5.28,2.54,9.65,60.8,0.34,0.4,0,2.12,2.74,1.29492039835106,14.571,32.938,15.594,68.0183568,67.3408,0.486536675951718,14.5705716692963
"Campus 2022",-106.61682,52.133629,231,2022-08-19,88,21.65,28.51,14.33,12.32,28.91,23.62,36.58,10.56,1.32,0.03,1.09,3,9.37,58.9,0.34,0.35,0,1.53,-1.91,1.33092174141163,14.509,32.666,16.247,68.0381315,67.2852,0.487759815242494,14.5087138800491
"Campus 2022",-106.61682,52.133629,232,2022-08-20,89,22.43,30.08,14.73,13.31,29.66,22.31,29.5,9.96,1.24,0.03,5.55,2.93,10.05,59.37,0.34,0.4,0,3.16,2.62,1.44078871177993,14.447,32.392,13.157,69.16191409,68.4216,0.444048149799376,14.4465352944736
"Campus 2022",-106.61682,52.133629,233,2022-08-21,90,23.65,32.44,15.57,13.13,31.4,20.22,20.14,9.08,1.15,0.03,3.22,3.42,9.97,56.1,0.34,0.36,0,1.2,-0.2,1.81099824400444,14.384,32.115,9.021,70.5691735,69.5768,0.383932346723044,14.3840517550337
"Campus 2022",-106.61682,52.133629,234,2022-08-22,91,21.71,27.57,16.66,16.18,33.62,8.41,4.15,4.02,0.57,0.01,1.15,1.93,12.05,72.59,0.35,0.39,0,2.73,-0.78,0.952014779014198,14.321,31.835,1.867,69.10642611,68.7348,0.185168125287886,14.3212784806978
"Campus 2022",-106.61682,52.133629,235,2022-08-23,92,20.97,28.06,14.57,12.3,29.35,21.62,28.01,9.68,1.21,0.03,1.52,2.79,9.39,61.99,0.35,0.37,0,2.27,-1.27,1.29533661745577,14.258,31.553,12.657,67.29043997,66.598,0.461611826418693,14.2582300827364
"Campus 2022",-106.61682,52.133629,236,2022-08-24,93,20.38,26.33,14.09,12.35,30.92,18.23,20.03,8.24,1.06,0.02,0.11,2.48,9.34,62.51,0.34,0.34,0,1.12,-2.37,1.08247054098398,14.195,31.268,9.093,66.48101262,66.026,0.404317958783121,14.1949205811465
"Campus 2022",-106.61682,52.133629,237,2022-08-25,94,21.04,28.44,13.99,11.12,29.12,21.29,28.4,9.48,1.17,0.03,0.03,3.05,8.63,56.56,0.34,0.33,0,1.4,-3.02,1.41444385030109,14.131,30.981,12.954,67.03554176,66.2432,0.450570342205323,14.1313634216203
"Campus 2022",-106.61682,52.133629,238,2022-08-26,95,20.78,25.65,14.02,15.71,31.83,13.72,9.29,6.37,0.85,0.02,4.56,1.01,12.06,73.8,0.34,0.37,0,2.22,3.55,0.661698638529315,14.068,30.692,4.258,67.7606836,67.6356,0.306544754571704,14.0675714929829
"Campus 2022",-106.61682,52.133629,239,2022-08-27,96,22.28,29.2,17.33,16.2,32.97,16.73,18.09,7.68,1,0.02,5.22,2.05,12.39,73.12,0.35,0.42,0,1.46,3.17,1.17373334127994,14.004,30.401,8.333,70.01886464,69.312,0.344703770197486,14.0035571450313
"Campus 2022",-106.61682,52.133629,240,2022-08-28,97,18.41,22.88,14.33,11.72,31.57,7.9,3.07,3.77,0.54,0.01,1.03,1.34,9.38,68.24,0.36,0.41,0,4.82,-0.31,0.834232071478537,13.939,30.107,1.421,63.89113416,63.8292,0.204780010863661,13.9393322067098
"Campus 2022",-106.61682,52.133629,241,2022-08-29,98,19.16,26.28,11.82,8.34,27.72,21.56,36.87,9.82,1.22,0.02,0,2.81,7.21,51.78,0.35,0.36,0,3.14,-2.81,1.30383417805037,13.875,29.812,17.16,64.23689752,63.3624,0.512526096033403,13.8749080045685
"Campus 2022",-106.61682,52.133629,242,2022-08-30,99,23.32,31.29,14.28,10.83,29.31,21.32,35.8,9.69,1.2,0.03,0.37,3.73,8.53,47.72,0.35,0.35,0,2.11,-3.36,1.79957929346514,13.81,29.514,16.751,69.38226096,68.4188,0.415523156089194,13.8102953814505
"Campus 2022",-106.61682,52.133629,243,2022-08-31,100,24.53,32.86,16.28,12.08,30.52,20,31.93,9.12,1.15,0.02,1.33,3.8,9.29,48.51,0.35,0.36,0,1.63,-2.47,2.01087596002477,13.746,29.215,15.023,71.01287797,70.0788,0.371789645332246,13.7455047153657
"Preston 2022",-106.621066,52.122358,150,2022-05-30,1,12.72,17.44,6.87,6.82,28.94,16.06,9.28,7.35,1.05,0.02,0.34,1.63,6.54,68.87,0.41,0.42,0,5.03,-1.29,0.503128323919565,16.321,40.447,3.745,55.42745136,56.3752,0.577830188679245,16.3206210395276
"Preston 2022",-106.621066,52.122358,151,2022-05-31,2,11.62,17.83,4.58,0.93,23.98,29.69,41.26,12.83,1.65,0.03,0,2.08,4.3,52.7,0.41,0.4,0,5.33,-2.08,0.791122521950246,16.356,40.56,16.638,54.2386026,53.1548,1.10413080895009,16.3563427784401
"Preston 2022",-106.621066,52.122358,152,2022-06-01,3,11.89,17.68,4.39,1.74,25.13,27.32,30.38,11.77,1.51,0.03,0.05,2.07,4.53,53.08,0.4,0.4,0,4.62,-2.02,0.73669790369266,16.391,40.668,12.244,54.58855988,53.7164,0.989907485281749,16.3907405834268
"Preston 2022",-106.621066,52.122358,153,2022-06-02,4,13.14,20.07,6.96,1.66,23.88,30.83,43.65,13.25,1.69,0.03,0,2.73,4.54,50.59,0.4,0.39,0,4.4,-2.73,0.985084201080894,16.424,40.771,17.584,56.29008074,54.9376,1.00837138508371,16.4237825201099
"Preston 2022",-106.621066,52.122358,154,2022-06-03,5,14.46,20.17,6.61,3.14,25.51,28.48,37.75,12.48,1.6,0.03,0.04,2.88,5.06,47.79,0.4,0.39,0,1.81,-2.84,0.90381420881866,16.455,40.869,15.199,58.01995966,56.7904,0.863070539419087,16.4554372586379
"Preston 2022",-106.621066,52.122358,155,2022-06-04,6,15.59,22.56,6.66,2.36,25.04,30.77,42.91,13.37,1.7,0.03,0,4.07,4.74,43.96,0.39,0.38,0,2.74,-4.07,1.13305359044999,16.486,40.961,17.27,59.42645036,57.6396,0.85760102629891,16.4856741741511
"Preston 2022",-106.621066,52.122358,156,2022-06-05,7,13.63,20.48,6.34,4.05,25.87,27.37,30.23,11.99,1.58,0.03,0,2.81,5.35,55.67,0.39,0.37,0,4.5,-2.81,0.866853605124611,16.514,41.048,12.162,56.89143279,56.288,0.879677182685253,16.5144634485848
"Preston 2022",-106.621066,52.122358,157,2022-06-06,8,13.3,19.92,4.97,3.75,25.01,29.72,36.12,13.02,1.68,0.03,0,2.4,5.22,55.47,0.38,0.37,0,3.26,-2.4,0.799518593515545,16.542,41.129,14.527,56.4445249,55.85,0.978947368421053,16.5417761732194
"Preston 2022",-106.621066,52.122358,158,2022-06-07,9,15.55,20.96,7.69,5.39,29.52,18.35,18.09,8.06,1.11,0.02,0.11,3.08,5.86,53.38,0.38,0.37,0,2.05,-2.97,0.869240975005941,16.568,41.205,7.274,59.4797441,58.6904,0.518327974276527,16.5675844513454
"Preston 2022",-106.621066,52.122358,159,2022-06-08,10,17.93,24.05,9.05,5.72,29.13,23.34,24.38,10.26,1.34,0.03,0.67,4.4,6.02,47.56,0.38,0.37,0,1.49,-3.73,1.15523990304535,16.592,41.276,9.8,62.46445292,61.1892,0.572225320691578,16.5918615003705
"Preston 2022",-106.621066,52.122358,160,2022-06-09,11,16.57,21.32,13,10.74,29.82,17.97,14.77,8.25,1.1,0.02,6.31,1.85,8.5,70.08,0.39,0.45,0,2.15,4.46,0.726818845478507,16.615,41.341,5.936,61.19639344,61.6364,0.497887748943874,16.6145817526647
"Preston 2022",-106.621066,52.122358,161,2022-06-10,12,17.27,24.71,11.03,11.09,30.53,13.52,10.34,6.37,0.88,0.02,4.57,1.97,8.79,69.43,0.39,0.44,0,3.5,2.6,0.893783803610058,16.636,41.4,4.155,62.23086539,62.4624,0.368847712796757,16.6357209544134
"Preston 2022",-106.621066,52.122358,162,2022-06-11,13,17.53,23.54,9.79,8.94,29.94,16.66,6.02,7.72,1.08,0.02,1.06,3.1,7.6,59.83,0.39,0.4,0,1.69,-2.04,0.913207646485235,16.655,41.454,2.419,62.32692701,61.9484,0.440387906446092,16.6552562617308
"Preston 2022",-106.621066,52.122358,163,2022-06-12,14,17.63,21.74,12.06,11.1,30.21,18.47,14.37,8.5,1.16,0.02,2.4,2.44,8.76,67.63,0.39,0.42,0,1.54,-0.04,0.683733694043075,16.673,41.503,5.773,62.71314731,62.826,0.482132728304027,16.6731663332776
"Preston 2022",-106.621066,52.122358,164,2022-06-13,15,17.4,23.09,11.06,13.38,31.19,10.75,0.75,5.21,0.76,0.01,13.12,1.42,10.32,78.88,0.4,0.49,0,3.37,11.7,0.535935562329211,16.689,41.546,0.301,62.7020288,63.4168,0.299425287356322,16.6894314186249
"Preston 2022",-106.621066,52.122358,165,2022-06-14,16,15.53,20.43,9.6,7.68,29.64,15.63,6.1,7.18,1.04,0.02,0.57,2.55,7.08,63.21,0.41,0.46,0,2.31,-1.98,0.748706310020727,16.704,41.583,2.45,59.55861787,59.4948,0.462330972311655,16.7040334416215
"Preston 2022",-106.621066,52.122358,166,2022-06-15,17,14.76,19.12,9.63,9.84,29.52,9.75,1.42,4.76,0.71,0.01,3.11,2.23,8.19,74.77,0.41,0.44,0,2.3,0.88,0.490997431760253,16.717,41.615,0.57,58.48918148,59.5024,0.322493224932249,16.716956078037
"Preston 2022",-106.621066,52.122358,167,2022-06-16,18,16.86,22.03,12.21,11.25,31.03,18.59,9.03,8.59,1.19,0.03,0.43,3.57,8.77,71.94,0.41,0.43,0,3.45,-3.14,0.700725237538463,16.728,41.642,3.627,61.67697316,62.11,0.509489916963227,16.7281848267904
"Preston 2022",-106.621066,52.122358,168,2022-06-17,19,21.63,29.28,12.13,12.48,30.64,26.14,26.22,11.92,1.56,0.03,0.3,6.38,9.56,59.17,0.4,0.4,0,5.26,-6.08,1.29517116871107,16.738,41.662,10.534,68.02947629,67.3228,0.551086453999075,16.7377070741111
"Preston 2022",-106.621066,52.122358,169,2022-06-18,20,25.35,32.79,18.7,17.31,32.88,24,22.89,10.95,1.43,0.03,2.84,7.79,13.27,63.04,0.39,0.4,0,3.63,-4.95,1.58772249927944,16.746,41.678,9.197,73.6396136,72.7816,0.431952662721893,16.7455121500344
"Preston 2022",-106.621066,52.122358,170,2022-06-19,21,20.23,25.1,16.44,15.61,32.29,12.35,0.52,5.97,0.85,0.02,1.09,2.41,11.73,76.56,0.39,0.42,0,1.85,-1.32,0.754850747642015,16.752,41.687,0.209,67.07142712,67.0496,0.29510627780524,16.7515913766945
"Preston 2022",-106.621066,52.122358,171,2022-06-20,22,16.41,19.1,13.14,13.65,32.32,10.41,1.8,5.09,0.73,0.02,7.86,0.89,10.29,84.35,0.4,0.47,0,2.46,6.97,0.298675748632268,16.756,41.691,0.723,61.23346665,62.524,0.310176721511274,16.755938107949
"Preston 2022",-106.621066,52.122358,172,2022-06-21,23,16.5,20.59,11.41,11.65,30.02,24.58,22.82,11.23,1.48,0.03,2.32,1.95,8.99,74.76,0.41,0.45,0,2.32,0.37,0.516452033132434,16.759,41.689,9.174,61.186366,61.894,0.680606060606061,16.758547759948
"Preston 2022",-106.621066,52.122358,173,2022-06-22,24,19.89,26.48,12.61,11.32,30.27,25.85,25.83,11.76,1.55,0.03,0.44,5.4,8.83,60.37,0.4,0.41,0,3.33,-4.96,1.11806059266883,16.759,41.682,10.385,65.66550707,65.1652,0.591251885369532,16.7594178323446
"Preston 2022",-106.621066,52.122358,174,2022-06-23,25,18.13,23.17,11.5,11.91,30.3,20.24,9.34,9.36,1.28,0.03,2.36,3.58,9.21,69.6,0.4,0.41,0,2.22,-1.22,0.703435464459859,16.759,41.669,3.756,63.5247952,63.6176,0.516271373414231,16.7585479199367
"Preston 2022",-106.621066,52.122358,175,2022-06-24,26,13.42,17.87,8.64,8.74,30.83,14.14,10.9,6.48,0.92,0.02,5.52,1.74,7.44,75.08,0.4,0.45,0,4.41,3.78,0.45574204480485,16.756,41.651,4.385,56.40873864,57.7664,0.482861400894188,16.7559397146229
"Preston 2022",-106.621066,52.122358,176,2022-06-25,27,14.78,19.71,7.68,8.68,28.71,23.36,19.4,10.47,1.39,0.03,1.46,2.33,7.32,69.33,0.41,0.45,0,4.93,-0.87,0.549627511242987,16.752,41.627,7.807,58.50211426,59.1048,0.708389715832206,16.7515969976512
"Preston 2022",-106.621066,52.122358,177,2022-06-26,28,18.71,25.6,10.2,8.33,27.63,29.79,37.11,13.05,1.64,0.03,0,6.11,7.17,56.01,0.4,0.4,0,3.04,-6.11,1.16648628304073,16.746,41.598,14.939,63.82034629,62.9088,0.69748797434527,16.7455256222374
"Preston 2022",-106.621066,52.122358,178,2022-06-27,29,17.44,22.52,12.09,9.59,29.62,25.22,24.82,11.31,1.48,0.03,0.07,4.7,7.8,62.64,0.39,0.39,0,3.2,-4.63,0.875245505406751,16.738,41.563,9.995,62.28405184,62.0924,0.648509174311927,16.7377334867248
"Preston 2022",-106.621066,52.122358,179,2022-06-28,30,16.15,21.89,8.62,7.25,26.81,29.83,34.66,13.09,1.69,0.03,0.04,4.87,6.65,58.9,0.39,0.38,0,1.69,-4.83,0.853372330334276,16.728,41.522,13.964,60.3760265,59.96,0.810526315789474,16.7282304985493
"Preston 2022",-106.621066,52.122358,180,2022-06-29,31,18.64,26.92,12.8,11.48,31.22,14.33,9.74,6.71,0.94,0.02,0.73,4.28,9.03,64.57,0.38,0.38,0,4.48,-3.55,1.15823651130387,16.717,41.476,3.926,64.08037952,63.9728,0.359978540772532,16.7170285293618
"Preston 2022",-106.621066,52.122358,181,2022-06-30,32,16.62,22.19,10.67,7.63,27.03,30,40.45,13.3,1.71,0.03,0.05,4.2,6.92,59.8,0.38,0.38,0,3.52,-4.15,0.933386325506103,16.704,41.424,16.311,61.0501724,60.5668,0.800240673886883,16.7041413617426
"Preston 2022",-106.621066,52.122358,182,2022-07-01,33,15.59,21.08,9.9,7.24,29.98,18.7,11.89,8.32,1.12,0.02,0.36,3.46,6.66,59.5,0.38,0.37,0,2.05,-3.1,0.840988646894039,16.69,41.367,4.797,59.6026895,59.3964,0.533675432969853,16.6895846280146
"Preston 2022",-106.621066,52.122358,183,2022-07-02,34,13.81,17.78,8.84,8.12,30.25,19.46,12.94,8.76,1.18,0.02,3.29,1.3,7.1,69.4,0.38,0.41,0,1.9,1.99,0.504075791022992,16.673,41.304,5.223,57.0501986,57.9332,0.634322954380883,16.6733757417314
"Preston 2022",-106.621066,52.122358,184,2022-07-03,35,17.32,23.41,9.23,9.29,29.84,25.94,23.95,11.54,1.5,0.03,0.12,4.32,7.66,61.86,0.38,0.39,0,1.82,-4.2,0.852168743048878,16.656,41.236,9.674,62.09023048,61.8644,0.666281755196305,16.6555338224705
"Preston 2022",-106.621066,52.122358,185,2022-07-04,36,18.7,24.41,12.58,9.58,29.86,21.12,9.07,9.49,1.27,0.03,1.79,4.24,7.82,58.06,0.37,0.38,0,2.55,-2.45,1.06376629028385,16.636,41.163,3.666,63.8930678,63.3488,0.507486631016043,16.6360796146083
"Preston 2022",-106.621066,52.122358,186,2022-07-05,37,16.99,21.19,11.96,11.3,32.14,8.65,0.78,4.24,0.61,0.01,0.49,2.15,8.77,70.73,0.37,0.39,0,3.15,-1.66,0.618381383096255,16.615,41.084,0.315,61.84436673,62.258,0.249558563861095,16.6150354007922
"Preston 2022",-106.621066,52.122358,187,2022-07-06,38,18.23,23.91,12.27,12.28,32.37,18.28,11.1,8.4,1.13,0.02,0.39,3.85,9.36,70.65,0.37,0.38,0,2.21,-3.46,0.76908792592253,16.592,41,4.492,63.71405005,63.8508,0.460778935820077,16.592424910848
"Preston 2022",-106.621066,52.122358,188,2022-07-07,39,19.79,25.94,12.52,11.64,30.55,27.28,30.68,12.38,1.59,0.03,0.03,4.67,8.94,62.24,0.37,0.37,0,3.12,-4.64,1.03081265641802,16.568,40.911,12.425,65.62370304,65.1804,0.625568468923699,16.5682732268769
"Preston 2022",-106.621066,52.122358,189,2022-07-08,40,23.5,32.26,16.14,14.19,33.87,19.12,19.83,8.86,1.19,0.03,0.79,5.74,10.7,59.21,0.37,0.36,0,3.71,-4.95,1.71136736974219,16.543,40.816,8.037,70.6431765,69.8084,0.377021276595745,16.542606685302
"Preston 2022",-106.621066,52.122358,190,2022-07-09,41,22.89,28.12,17.73,13.88,32.4,24.46,27,11.23,1.48,0.03,0.89,5.98,10.44,58.74,0.36,0.36,0,2.07,-5.09,1.3315730976013,16.515,40.716,10.952,69.75221014,69.0868,0.490607252075142,16.515452776617
"Preston 2022",-106.621066,52.122358,191,2022-07-10,42,20.3,24.69,15.66,11.87,30.61,21.88,22.07,10,1.33,0.03,2.42,3.72,9.2,61.12,0.36,0.38,0,2.7,-1.3,1.05384217747673,16.487,40.61,8.96,66.2861264,65.7732,0.492610837438424,16.4868400435787
"Preston 2022",-106.621066,52.122358,192,2022-07-11,43,20.73,26.06,14.61,10.26,29.32,28.54,37.6,12.91,1.65,0.03,0.96,5.31,8.17,53.49,0.36,0.36,0,3.98,-4.35,1.26862520550406,16.457,40.5,15.279,66.41982223,65.6236,0.622768933912205,16.4567979785597
"Preston 2022",-106.621066,52.122358,193,2022-07-12,44,23.11,30.26,13.42,11.54,30.65,28.98,40.23,13.26,1.7,0.04,0.25,7.04,8.93,51.94,0.35,0.35,0,2.07,-6.79,1.56245212149639,16.425,40.384,16.362,69.47498066,68.4644,0.573777585460839,16.4253569207486
"Preston 2022",-106.621066,52.122358,194,2022-07-13,45,25.85,33.2,17.89,13.98,32.9,20.11,15.06,9.36,1.25,0.03,1.09,6.23,10.67,50.57,0.35,0.34,0,4.25,-5.14,1.97170923492646,16.393,40.263,6.132,72.94861155,72.0828,0.362088974854932,16.3925479538506
"Preston 2022",-106.621066,52.122358,195,2022-07-14,46,22.47,28.05,16.72,10.59,29.88,28.52,34.18,12.69,1.65,0.04,1.54,5.62,8.51,51.01,0.35,0.37,0,2.14,-4.08,1.56986523122722,16.358,40.138,13.93,68.55359753,67.4824,0.56475300400534,16.3584028048974
"Preston 2022",-106.621066,52.122358,196,2022-07-15,47,25.57,32.86,16.73,13.59,32.07,28,36.19,12.8,1.63,0.03,0.15,6.88,10.32,49.74,0.34,0.33,0,2.49,-6.73,1.89117477026379,16.323,40.007,14.766,72.49021282,71.6624,0.500586624951115,16.3229537447292
"Preston 2022",-106.621066,52.122358,197,2022-07-16,48,27.06,35.56,18.25,15,32.21,28.68,41.97,13.03,1.66,0.04,0.9,6.8,11.36,53.39,0.34,0.33,0,2.96,-5.9,2.24244153775939,16.286,39.871,17.143,74.88669066,73.66,0.481522542498152,16.2862334906651
"Preston 2022",-106.621066,52.122358,198,2022-07-17,49,24.42,30.68,17.56,13.87,33.07,20.61,19.72,9.47,1.27,0.03,0.67,4.7,10.48,55.28,0.33,0.32,0,2.63,-4.03,1.62426132594092,16.248,39.73,8.065,71.53954224,70.6132,0.387796887796888,16.248275111824
"Preston 2022",-106.621066,52.122358,199,2022-07-18,50,23.86,30.54,16.11,11.57,31.65,23.18,19.71,10.59,1.4,0.03,4.68,4.44,9.05,50.06,0.33,0.33,0,2,0.239999999999999,1.7403411674324,16.209,39.584,8.071,70.29289284,69.2252,0.443839061190277,16.2091119375054
"Preston 2022",-106.621066,52.122358,200,2022-07-19,51,22.97,29.02,16.27,14,31.81,26.74,34.87,12.26,1.57,0.03,8.52,3.82,10.59,59.5,0.35,0.45,0,3.05,4.7,1.3314476030469,16.169,39.434,14.298,69.9276785,69.21,0.533739660426643,16.1687774689885
"Preston 2022",-106.621066,52.122358,201,2022-07-20,52,20.12,25.63,13.83,9.34,28.98,28.27,37.63,12.64,1.63,0.03,4.38,4.6,7.81,54.12,0.36,0.42,0,4.42,-0.22,1.26009525170764,16.127,39.279,15.45,65.63809456,64.6824,0.628230616302187,16.1273052950518
"Preston 2022",-106.621066,52.122358,202,2022-07-21,53,21.38,28.18,14.32,9.86,29.59,27.18,34.25,12.23,1.57,0.03,0.31,5.27,8.02,50.2,0.35,0.35,0,4,-4.96,1.50937726957065,16.085,39.119,14.083,67.0646324,66.1296,0.572029934518241,16.0847290114675
"Preston 2022",-106.621066,52.122358,203,2022-07-22,54,19.88,25.74,14.26,10.3,31.01,20.72,19.36,9.41,1.25,0.03,3.47,3.29,8.31,56.86,0.35,0.38,0,2.76,0.18,1.21504164735343,16.041,38.954,7.972,65.46255032,64.788,0.473340040241449,16.0410821446712
"Preston 2022",-106.621066,52.122358,204,2022-07-23,55,16.2,21.36,10.27,8.5,30.76,19.57,10.47,8.7,1.14,0.02,0.59,2.69,7.26,63.43,0.35,0.36,0,2.51,-2.1,0.786567241035254,15.996,38.784,4.318,60.5244134,60.46,0.537037037037037,15.9963980797623
"Preston 2022",-106.621066,52.122358,205,2022-07-24,56,21.14,28.95,11,10.92,30.8,23.27,23.58,10.46,1.36,0.03,0.46,5,8.7,55.58,0.35,0.34,0,1.82,-4.54,1.34762210995714,15.951,38.61,9.742,67.10757588,66.2712,0.494796594134343,15.9507099929449
"Preston 2022",-106.621066,52.122358,206,2022-07-25,57,18.18,20.85,14.09,13.16,31.94,12.32,3.61,5.84,0.83,0.02,4.28,1.33,10.11,74.32,0.35,0.4,0,2.13,2.95,0.522538049679705,15.904,38.432,1.494,63.77430224,64.1176,0.321232123212321,15.9040507884758
"Preston 2022",-106.621066,52.122358,207,2022-07-26,58,18.02,24.03,11.58,7.58,28.66,24.64,28.53,10.94,1.43,0.03,0.08,3.53,6.85,53.15,0.35,0.36,0,3.52,-3.45,1.13423933661767,15.856,38.249,11.827,62.7776037,61.9488,0.607103218645949,15.8564530401492
"Preston 2022",-106.621066,52.122358,208,2022-07-27,59,17.79,24.6,9.83,7.41,27.36,27.33,36.87,12.08,1.54,0.03,0.04,3.86,6.74,52.93,0.35,0.34,0,2.66,-3.82,1.12310972217193,15.808,38.061,15.313,62.46299453,61.6576,0.679033164699269,15.8079489373114
"Preston 2022",-106.621066,52.122358,209,2022-07-28,60,20.22,27.46,11.31,7.35,28.31,26.5,31.54,11.74,1.5,0.03,0,5.22,6.73,45.58,0.35,0.33,0,1.05,-5.22,1.47511230830601,15.759,37.869,13.125,65.28437324,64.066,0.580613254203759,15.7585702353662
"Preston 2022",-106.621066,52.122358,210,2022-07-29,61,24.85,33.05,13.8,10.06,30.34,26.51,33.77,11.82,1.5,0.03,0.03,6.26,8.29,41.25,0.34,0.32,0,1.45,-6.23,2.07814694709738,15.708,37.673,14.081,70.67786875,69.6716,0.475653923541247,15.7083482107058
"Preston 2022",-106.621066,52.122358,211,2022-07-30,62,21.84,25.35,16.19,15.53,34.16,8.44,2.71,4.14,0.6,0.01,1.98,1.64,11.68,68.84,0.34,0.34,0,1.87,0.34,0.773007831282373,15.657,37.473,1.132,69.03058944,68.6308,0.18956043956044,15.6573136199743
"Preston 2022",-106.621066,52.122358,212,2022-07-31,63,18.8,25.27,12.96,12.91,33.57,16.31,9.48,7.51,1.03,0.02,1.04,2.39,9.76,71.01,0.34,0.36,0,1.81,-1.35,0.867465156418916,15.605,37.268,3.97,64.5899512,64.6476,0.399468085106383,15.6054966635513
"Preston 2022",-106.621066,52.122358,213,2022-08-01,64,21.43,27.53,14.73,11.46,31.89,23.04,23,10.51,1.37,0.03,0.02,4.16,8.92,55.69,0.34,0.34,0,1.68,-4.14,1.32338014656933,15.553,37.059,9.653,67.50965333,66.7556,0.490433971068595,15.5529269531241
"Preston 2022",-106.621066,52.122358,214,2022-08-02,65,18.38,22.92,12.33,11.92,31.04,11.19,2.59,5.35,0.75,0.02,3.62,1.78,9.29,67.62,0.34,0.37,0,5.31,1.84,0.719418761511302,15.5,36.846,1.09,63.82241044,63.8712,0.29107725788901,15.4996334832032
"Preston 2022",-106.621066,52.122358,215,2022-08-03,66,18.16,24.02,10.72,10.42,28.99,21.7,20.52,9.74,1.28,0.03,0.13,2.34,8.32,63.81,0.34,0.36,0,1.48,-2.21,0.875008898787011,15.446,36.629,8.653,63.35678704,63.1112,0.536343612334802,15.4456446064203
"Preston 2022",-106.621066,52.122358,216,2022-08-04,67,22.89,34.39,14.1,10.57,30.23,21.78,19.32,9.7,1.28,0.03,0.04,5.11,8.53,51.33,0.34,0.33,0,3.72,-5.07,2.2466999184257,15.391,36.409,8.167,69.13265263,67.8952,0.423765836609873,15.3909880124437
"Preston 2022",-106.621066,52.122358,217,2022-08-05,68,15.17,19.45,9.68,7.61,29.66,11.54,6.72,5.4,0.77,0.02,1.08,1.45,6.88,62.2,0.34,0.33,0,5.51,-0.37,0.686234565040019,15.336,36.184,2.848,59.0344826,59.1096,0.35596572181938,15.3356907103331
"Preston 2022",-106.621066,52.122358,218,2022-08-06,69,16.95,23.85,7.84,5.45,26.91,25.6,34.59,11.28,1.43,0.03,0,2.76,5.87,51.12,0.34,0.33,0,2.3,-2.76,1.10901527988683,15.28,35.955,14.7,61.2975316,60.112,0.665486725663717,15.2797790141561
"Preston 2022",-106.621066,52.122358,219,2022-08-07,70,21.97,29.29,14.44,10.17,31.85,19.19,21.72,8.73,1.16,0.02,0.15,3.28,8.2,49.12,0.34,0.32,0,3.08,-3.13,1.61698856004358,15.223,35.723,9.256,67.75528736,66.8312,0.397360036413291,15.223278531683
"Preston 2022",-106.621066,52.122358,220,2022-08-08,71,24.18,33.28,15.72,10.36,30.52,24.47,32.73,11.15,1.43,0.03,0,4.46,8.36,44.63,0.33,0.31,0,3.56,-4.46,2.18988222401529,15.166,35.487,13.988,70.18732866,69.1096,0.461124896608768,15.1662141559755
"Preston 2022",-106.621066,52.122358,221,2022-08-09,72,18.67,25.19,11.66,6.58,27.2,25.74,39.84,11.44,1.44,0.03,0.04,2.39,6.34,47.93,0.33,0.31,0,2.8,-2.35,1.3142442420302,15.109,35.248,17.077,63.42775569,62.2388,0.612747723620782,15.1086100596892
"Preston 2022",-106.621066,52.122358,222,2022-08-10,73,19.25,24.01,12.37,8.65,30.32,18.51,18.3,8.33,1.1,0.02,0.22,1.38,7.3,51.64,0.33,0.31,0,2.83,-1.16,1.09019886915797,15.05,35.004,7.868,64.349273,63.564,0.432727272727273,15.0504896919058
"Preston 2022",-106.621066,52.122358,223,2022-08-11,74,20.66,25.65,17.84,14.15,32.99,14.81,10.85,6.89,0.9,0.02,3.46,0.85,10.7,66.67,0.34,0.37,0,3.27,2.61,1.05364919182039,14.992,34.758,4.68,67.13707178,66.954,0.333494675701839,14.9918757773203
"Preston 2022",-106.621066,52.122358,224,2022-08-12,75,23.63,31.07,16,14.61,31.91,22.42,26.85,10.26,1.3,0.03,0.26,3.51,10.92,60.45,0.34,0.35,0,1.82,-3.25,1.5013616481897,14.933,34.508,11.619,70.93744165,70.0896,0.434193821413457,14.9327903176096
"Preston 2022",-106.621066,52.122358,225,2022-08-13,76,25.47,33.32,17.47,14.87,32.83,18.52,18.18,8.62,1.13,0.03,1.03,4.07,11.15,56.93,0.33,0.32,0,1.91,-3.04,1.86748558951944,14.873,34.255,7.893,73.14478029,72.0232,0.338437377306635,14.8732545948136
"Preston 2022",-106.621066,52.122358,226,2022-08-14,77,24.36,31.32,18.83,14.23,32.8,18.4,18.09,8.53,1.12,0.02,2.07,3.15,10.74,56.51,0.33,0.35,0,1.93,-1.08,1.75196318961556,14.813,33.998,7.882,71.57884764,70.6828,0.350164203612479,14.8132891765686
"Preston 2022",-106.621066,52.122358,227,2022-08-15,78,22.77,29.67,14.6,11.07,31.17,22.96,32.11,10.47,1.33,0.03,0.21,3.08,8.64,50.91,0.33,0.32,0,2.02,-2.87,1.59377926290125,14.753,33.739,14.041,68.93985493,67.9552,0.459815546772069,14.7529139230361
"Preston 2022",-106.621066,52.122358,228,2022-08-16,79,24.94,33.43,16.86,10.44,32.09,23.39,32.57,10.65,1.34,0.03,0.01,3.5,8.29,42.9,0.33,0.31,0,2.2,-3.49,2.27196114706264,14.692,33.476,14.294,70.9589674,69.8984,0.427024859663192,14.6921479953797
"Preston 2022",-106.621066,52.122358,229,2022-08-17,80,22.33,27.02,18.08,12.95,32.17,17.95,19.29,8.28,1.08,0.02,2.02,1.9,9.78,56.85,0.33,0.33,0,2.95,0.12,1.32903723075258,14.631,33.21,8.498,68.82540895,68.192,0.370801612180923,14.6310098656479
"Preston 2022",-106.621066,52.122358,230,2022-08-18,81,21.54,28.4,14.71,12.78,29.56,23.21,35.25,10.48,1.31,0.03,5.28,2.54,9.65,60.8,0.34,0.4,0,2.12,2.74,1.29492039835106,14.57,32.941,15.591,68.0183568,67.3408,0.486536675951718,14.5695173279297
"Preston 2022",-106.621066,52.122358,231,2022-08-19,82,21.65,28.51,14.33,12.32,28.91,23.62,36.58,10.56,1.32,0.03,1.09,3,9.37,58.9,0.34,0.35,0,1.53,-1.91,1.33092174141163,14.508,32.67,16.244,68.0381315,67.2852,0.487759815242494,14.5076875106559
"Preston 2022",-106.621066,52.122358,232,2022-08-20,83,22.43,30.08,14.73,13.31,29.66,22.31,29.5,9.96,1.24,0.03,5.55,2.93,10.05,59.37,0.34,0.4,0,3.16,2.62,1.44078871177993,14.446,32.395,13.155,69.16191409,68.4216,0.444048149799376,14.445536889928
"Preston 2022",-106.621066,52.122358,233,2022-08-21,84,23.65,32.44,15.57,13.13,31.4,20.22,20.14,9.08,1.15,0.03,3.22,3.42,9.97,56.1,0.34,0.36,0,1.2,-0.2,1.81099824400444,14.383,32.118,9.019,70.5691735,69.5768,0.383932346723044,14.3830813037635
"Preston 2022",-106.621066,52.122358,234,2022-08-22,85,21.71,27.57,16.66,16.18,33.62,8.41,4.15,4.02,0.57,0.01,1.15,1.93,12.05,72.59,0.35,0.39,0,2.73,-0.78,0.952014779014198,14.32,31.839,1.867,69.10642611,68.7348,0.185168125287886,14.3203359671533
"Preston 2022",-106.621066,52.122358,235,2022-08-23,86,20.97,28.06,14.57,12.3,29.35,21.62,28.01,9.68,1.21,0.03,1.52,2.79,9.39,61.99,0.35,0.37,0,2.27,-1.27,1.29533661745577,14.257,31.557,12.655,67.29043997,66.598,0.461611826418693,14.257315487836
"Preston 2022",-106.621066,52.122358,236,2022-08-24,87,20.38,26.33,14.09,12.35,30.92,18.23,20.03,8.24,1.06,0.02,0.11,2.48,9.34,62.51,0.34,0.34,0,1.12,-2.37,1.08247054098398,14.194,31.272,9.091,66.48101262,66.026,0.404317958783121,14.1940338826992
"Preston 2022",-106.621066,52.122358,237,2022-08-25,88,21.04,28.44,13.99,11.12,29.12,21.29,28.4,9.48,1.17,0.03,0.03,3.05,8.63,56.56,0.34,0.33,0,1.4,-3.02,1.41444385030109,14.131,30.985,12.952,67.03554176,66.2432,0.450570342205323,14.1305045947262
"Preston 2022",-106.621066,52.122358,238,2022-08-26,89,20.78,25.65,14.02,15.71,31.83,13.72,9.29,6.37,0.85,0.02,4.56,1.01,12.06,73.8,0.34,0.37,0,2.22,3.55,0.661698638529315,14.067,30.696,4.257,67.7606836,67.6356,0.306544754571704,14.0667405104121
"Preston 2022",-106.621066,52.122358,239,2022-08-27,90,22.28,29.2,17.33,16.2,32.97,16.73,18.09,7.68,1,0.02,5.22,2.05,12.39,73.12,0.35,0.42,0,1.46,3.17,1.17373334127994,14.003,30.405,8.331,70.01886464,69.312,0.344703770197486,14.0027539775815
"Preston 2022",-106.621066,52.122358,240,2022-08-28,91,18.41,22.88,14.33,11.72,31.57,7.9,3.07,3.77,0.54,0.01,1.03,1.34,9.38,68.24,0.36,0.41,0,4.82,-0.31,0.834232071478537,13.939,30.111,1.421,63.89113416,63.8292,0.204780010863661,13.9385568235449
"Preston 2022",-106.621066,52.122358,241,2022-08-29,92,19.16,26.28,11.82,8.34,27.72,21.56,36.87,9.82,1.22,0.02,0,2.81,7.21,51.78,0.35,0.36,0,3.14,-2.81,1.30383417805037,13.874,29.816,17.156,64.23689752,63.3624,0.512526096033403,13.8741603735367
"Preston 2022",-106.621066,52.122358,242,2022-08-30,93,23.32,31.29,14.28,10.83,29.31,21.32,35.8,9.69,1.2,0.03,0.37,3.73,8.53,47.72,0.35,0.35,0,2.11,-3.36,1.79957929346514,13.81,29.519,16.748,69.38226096,68.4188,0.415523156089194,13.8095754693843
"Preston 2022",-106.621066,52.122358,243,2022-08-31,94,24.53,32.86,16.28,12.08,30.52,20,31.93,9.12,1.15,0.02,1.33,3.8,9.29,48.51,0.35,0.36,0,1.63,-2.47,2.01087596002477,13.745,29.22,15.02,71.01287797,70.0788,0.371789645332246,13.7448124883641
