"env","LON","LAT","YEAR","MM","DD","DOY","YYYYMMDD","T2M","T2M_MAX","T2M_MIN","PRECTOT","WS2M","RH2M","T2MDEW","ALLSKY_SFC_LW_DWN","ALLSKY_SFC_SW_DWN","daysFromStart","DayLength"
"Osimo 2022",13.4961,43.4601,2022,2,24,55,2022-02-24,11.47,13.72,9.2,0,2.53,70.31,6.2,279.72,13.93,1,10.9067581909859
"Osimo 2022",13.4961,43.4601,2022,2,25,56,2022-02-25,10.33,12.9,7.73,19.41,2.96,82.44,7.44,305.12,10.78,2,10.9549856937999
"Osimo 2022",13.4961,43.4601,2022,2,26,57,2022-02-26,6.59,8.28,5.53,34.57,10.76,81.44,3.59,321.28,3.24,3,11.0033817319306
"Osimo 2022",13.4961,43.4601,2022,2,27,58,2022-02-27,8.48,9.19,7.82,3.03,8.6,72.19,3.76,314.16,5.35,4,11.0519358147767
"Osimo 2022",13.4961,43.4601,2022,2,28,59,2022-02-28,8.19,9.94,6.33,0.02,5.75,65.25,2.01,280.38,12.56,5,11.1006378110743
"Osimo 2022",13.4961,43.4601,2022,3,1,60,2022-03-01,6.62,7.5,5.6,0.11,6.02,67.5,1.02,283.93,10.35,6,11.1494779354772
"Osimo 2022",13.4961,43.4601,2022,3,2,61,2022-03-02,7.44,9.37,5.65,0,3.25,60.06,0.16,254.86,15.28,7,11.1984467348356
"Osimo 2022",13.4961,43.4601,2022,3,3,62,2022-03-03,8.86,11.19,7.22,0,1.3,53.38,-0.16,272.52,12.75,8,11.2475350742198
"Osimo 2022",13.4961,43.4601,2022,3,4,63,2022-03-04,8.32,10.13,6.2,3.36,4.13,74.75,4.11,308.88,4.89,9,11.2967341227254
"Osimo 2022",13.4961,43.4601,2022,3,5,64,2022-03-05,7.84,8.86,6.49,0.26,6.22,66,1.87,288.34,10.87,10,11.3460353390997
"Osimo 2022",13.4961,43.4601,2022,3,6,65,2022-03-06,7.24,8.74,5.83,0.34,5.28,69.19,1.95,311.02,8.03,11,11.3954304572211
"Osimo 2022",13.4961,43.4601,2022,3,7,66,2022-03-07,6.87,8.14,5.73,2.27,5.67,72.19,2.2,297.92,10.48,12,11.4449114714612
"Osimo 2022",13.4961,43.4601,2022,3,8,67,2022-03-08,6.42,7.6,4.79,0.03,6.54,62.62,-0.21,287.15,12.27,13,11.4944706219582
"Osimo 2022",13.4961,43.4601,2022,3,9,68,2022-03-09,7.91,9.65,5.91,0,4.58,62.5,1.17,259.56,16.53,14,11.5441003798249
"Osimo 2022",13.4961,43.4601,2022,3,10,69,2022-03-10,8.94,11.33,6.4,0,3.52,67.31,3.18,259.32,15.02,15,11.5937934323133
"Osimo 2022",13.4961,43.4601,2022,3,11,70,2022-03-11,7.54,8.96,6.24,0.01,3.61,54.75,-1.06,259.11,16.85,16,11.6435426679549
"Osimo 2022",13.4961,43.4601,2022,3,12,71,2022-03-12,7.81,10.24,5.62,0.1,3.3,56.19,-0.43,258.8,16.97,17,11.6933411616941
"Osimo 2022",13.4961,43.4601,2022,3,13,72,2022-03-13,7.54,9.47,5.45,0,4.45,67.5,1.87,257.46,18.07,18,11.7431821600291
"Osimo 2022",13.4961,43.4601,2022,3,14,73,2022-03-14,8.99,11.13,6.91,0,2.77,72.75,4.32,270.45,17.87,19,11.7930590661739
"Osimo 2022",13.4961,43.4601,2022,3,15,74,2022-03-15,10.1,12.3,8.67,0,2.4,76.5,6.12,284.58,15.72,20,11.8429654252515
"Osimo 2022",13.4961,43.4601,2022,3,16,75,2022-03-16,10.26,13.65,6.97,0.14,2.05,85.12,7.76,300.23,16.5,21,11.8928949095291
"Osimo 2022",13.4961,43.4601,2022,3,17,76,2022-03-17,11.06,12.14,10.28,0.05,2.26,83,8.27,313.05,11.76,22,11.9428413037029
"Osimo 2022",13.4961,43.4601,2022,3,18,77,2022-03-18,11.03,12.04,10.19,0,3.44,80.81,7.85,313.99,7.92,23,11.9927984902393
"Osimo 2022",13.4961,43.4601,2022,3,19,78,2022-03-19,10.65,12.15,9.17,0,4.62,72.38,5.86,300.52,12.91,24,12.0427604347785
"Osimo 2022",13.4961,43.4601,2022,3,20,79,2022-03-20,10.3,12.4,8.8,0.03,2.89,67.88,4.62,270.75,17.35,25,12.0927211716055
"Osimo 2022",13.4961,43.4601,2022,3,21,80,2022-03-21,10.08,11.64,8.91,0,2.69,61,2.83,260.09,18.72,26,12.1426747891925
"Osimo 2022",13.4961,43.4601,2022,3,22,81,2022-03-22,10.45,12.54,8.44,0,3.23,66.75,4.41,264.41,17.62,27,12.1926154158154
"Osimo 2022",13.4961,43.4601,2022,3,23,82,2022-03-23,10.81,13.86,8.19,0,3.77,76.19,6.55,269.45,17.66,28,12.2425372052489
"Osimo 2022",13.4961,43.4601,2022,3,24,83,2022-03-24,11.8,14.73,8.78,0,2.69,65.75,5.55,272.16,18.33,29,12.2924343225409
"Osimo 2022",13.4961,43.4601,2022,3,25,84,2022-03-25,12.65,15.81,9.8,0,2.26,62.38,5.59,280.61,19.38,30,12.3423009298702
"Osimo 2022",13.4961,43.4601,2022,3,26,85,2022-03-26,13.15,16.58,11.35,0,1.27,66.94,6.73,288.16,17.92,31,12.3921311724884
"Osimo 2022",13.4961,43.4601,2022,3,27,86,2022-03-27,12.17,14.05,10.56,0,1.42,89.88,10.49,310.2,13.11,32,12.4419191647489
"Osimo 2022",13.4961,43.4601,2022,3,28,87,2022-03-28,11.59,13.89,9.98,0,1.8,79.88,8.05,308.42,13.93,33,12.4916589762261
"Osimo 2022",13.4961,43.4601,2022,3,29,88,2022-03-29,12.43,16.51,8.91,0.01,2.22,78.38,8.55,304.85,16.51,34,12.5413446179259
"Osimo 2022",13.4961,43.4601,2022,3,30,89,2022-03-30,12.69,14.12,11.72,20.84,2.6,87.62,10.66,338.87,5.33,35,12.5909700285926
"Osimo 2022",13.4961,43.4601,2022,3,31,90,2022-03-31,13.8,16.41,11.83,11.15,2.31,88.62,11.9,357.16,8.98,36,12.640529061115
"Osimo 2022",13.4961,43.4601,2022,4,1,91,2022-04-01,12.36,14.15,10.11,1.7,3.61,80.88,9.14,332.05,7.06,37,12.6900154690357
"Osimo 2022",13.4961,43.4601,2022,4,2,92,2022-04-02,9.9,12.62,7.32,1.16,4.03,65.94,3.64,294.35,16.11,38,12.7394228931704
"Osimo 2022",13.4961,43.4601,2022,4,3,93,2022-04-03,9.19,10.37,7.62,4.39,2.91,68.12,3.51,315.37,13.43,39,12.7887448483419
"Osimo 2022",13.4961,43.4601,2022,4,4,94,2022-04-04,10.48,12.15,9.12,0.5,1.23,63.38,3.79,290.58,19.11,40,12.8379747102367
"Osimo 2022",13.4961,43.4601,2022,4,5,95,2022-04-05,10.88,13.6,8.55,0,1.81,70.94,5.69,272.98,22.21,41,12.8871057023935
"Osimo 2022",13.4961,43.4601,2022,4,6,96,2022-04-06,11.5,14.02,10,3.3,2.73,77.88,7.75,310.15,16.42,42,12.9361308833309
"Osimo 2022",13.4961,43.4601,2022,4,7,97,2022-04-07,12.33,15.95,9.15,1.23,4.14,77.56,8.45,306.94,20.53,43,12.9850431338288
"Osimo 2022",13.4961,43.4601,2022,4,8,98,2022-04-08,14.5,17.88,11.36,0,4.37,77.56,10.58,325,18.35,44,13.0338351443729
"Osimo 2022",13.4961,43.4601,2022,4,9,99,2022-04-09,14,17.55,8.35,1.59,5.11,75.88,9.74,343.8,11.17,45,13.0824994027788
"Osimo 2022",13.4961,43.4601,2022,4,10,100,2022-04-10,10.37,11.85,7.82,0.32,5.1,61.62,3.14,283.2,22.98,46,13.131028182011
"Osimo 2022",13.4961,43.4601,2022,4,11,101,2022-04-11,11.88,14.55,9.28,0,2.94,62.25,4.8,271.03,22.97,47,13.1794135282137
"Osimo 2022",13.4961,43.4601,2022,4,12,102,2022-04-12,12.19,14.63,9.48,0,2.45,73.94,7.59,288.77,22.6,48,13.2276472489754
"Osimo 2022",13.4961,43.4601,2022,4,13,103,2022-04-13,12.93,14.78,10.79,0,1.67,81.5,9.79,307.1,20.53,49,13.2757209018463
"Osimo 2022",13.4961,43.4601,2022,4,14,104,2022-04-14,12.8,14.89,10.8,0,2.27,82.25,9.79,307.15,21.4,50,13.323625783135
"Osimo 2022",13.4961,43.4601,2022,4,15,105,2022-04-15,13.51,15.52,11.64,0,2.2,84.56,10.89,305.89,22.83,51,13.3713529170091
"Osimo 2022",13.4961,43.4601,2022,4,16,106,2022-04-16,14.1,16.65,11.55,0.01,4.74,78.25,10.3,311.7,20.35,52,13.4188930449282
"Osimo 2022",13.4961,43.4601,2022,4,17,107,2022-04-17,11.53,12.63,10.42,0,7.62,62.69,4.64,290.58,21.42,53,13.4662366154408
"Osimo 2022",13.4961,43.4601,2022,4,18,108,2022-04-18,11.36,12.68,9.48,0,4.71,59.56,3.74,271.24,25.13,54,13.5133737743776
"Osimo 2022",13.4961,43.4601,2022,4,19,109,2022-04-19,13.24,16.42,10.12,0,2.77,66.06,6.98,310.05,21.19,55,13.5602943554772
"Osimo 2022",13.4961,43.4601,2022,4,20,110,2022-04-20,12.29,13.76,11.08,0.05,3.61,73.25,7.53,332.47,13.54,56,13.6069878714818
"Osimo 2022",13.4961,43.4601,2022,4,21,111,2022-04-21,13.29,14.47,11.86,10.35,5.88,87.94,11.33,349.23,4.84,57,13.6534435057439
"Osimo 2022",13.4961,43.4601,2022,4,22,112,2022-04-22,14.49,16.86,12.46,7.99,2.97,81,11.15,356.14,13.26,58,13.6996501043871
"Osimo 2022",13.4961,43.4601,2022,4,23,113,2022-04-23,14.19,17.85,11.37,0.09,3.41,80.81,10.86,323.3,24.06,59,13.7455961690659
"Osimo 2022",13.4961,43.4601,2022,4,24,114,2022-04-24,14.83,17.87,12.58,2.56,2.34,75.94,10.49,332.45,20.64,60,13.7912698503735
"Osimo 2022",13.4961,43.4601,2022,4,25,115,2022-04-25,14.34,17.69,11.19,0.75,2.41,79.69,10.8,322.27,20.59,61,13.8366589419472
"Osimo 2022",13.4961,43.4601,2022,4,26,116,2022-04-26,15.39,18.98,12.11,0.05,2.09,76.38,11.1,314.21,24.56,62,13.8817508753237
"Osimo 2022",13.4961,43.4601,2022,4,27,117,2022-04-27,14.62,16.93,12.72,0.01,3.96,78.88,10.98,311.99,24.04,63,13.9265327156004
"Osimo 2022",13.4961,43.4601,2022,4,28,118,2022-04-28,14.68,16.23,12.4,0,3.76,71,9.4,294.01,25.4,64,13.9709911579585
"Osimo 2022",13.4961,43.4601,2022,4,29,119,2022-04-29,15.27,16.9,13.55,0,4.07,73.06,10.4,297.96,25.72,65,14.0151125251063
"Osimo 2022",13.4961,43.4601,2022,4,30,120,2022-04-30,15.19,17.37,12.93,0,2.11,75.69,10.78,299.28,26.31,66,14.0588827657039
"Osimo 2022",13.4961,43.4601,2022,5,1,121,2022-05-01,14.65,16.4,12.61,0.64,2.56,72.69,9.78,345.2,10.95,67,14.102287453831
"Osimo 2022",13.4961,43.4601,2022,5,2,122,2022-05-02,15.47,17.84,13.36,0.65,1.52,77.31,11.45,319.49,23.91,68,14.1453117895592
"Osimo 2022",13.4961,43.4601,2022,5,3,123,2022-05-03,16.22,19.44,13.26,0.98,1.8,76.12,11.76,315.38,24.81,69,14.1879406006939
"Osimo 2022",13.4961,43.4601,2022,5,4,124,2022-05-04,16.2,18.48,14.69,0.52,1.62,76.5,12,331.43,21.12,70,14.2301583457488
"Osimo 2022",13.4961,43.4601,2022,5,5,125,2022-05-05,15.55,17.08,14.35,5.5,2.63,89.31,13.8,352.94,8.59,71,14.2719491182176
"Osimo 2022",13.4961,43.4601,2022,5,6,126,2022-05-06,15.41,16.46,14.27,5.82,5.66,88.88,13.61,360.79,7.55,72,14.3132966522055
"Osimo 2022",13.4961,43.4601,2022,5,7,127,2022-05-07,15.89,17.5,14.51,0.89,3.4,86.38,13.6,367.38,9.8,73,14.3541843294832
"Osimo 2022",13.4961,43.4601,2022,5,8,128,2022-05-08,16.5,18.3,15.11,0.58,1.39,85.81,14.09,355.09,16.18,74,14.394595188025
"Osimo 2022",13.4961,43.4601,2022,5,9,129,2022-05-09,16.99,19.82,14.19,0.04,1.91,80.44,13.48,333.97,25.22,75,14.4345119320889
"Osimo 2022",13.4961,43.4601,2022,5,10,130,2022-05-10,17.65,19.87,15.15,0.01,2.95,77.31,13.6,331.09,25.24,76,14.4739169438945
"Osimo 2022",13.4961,43.4601,2022,5,11,131,2022-05-11,19.26,21.9,16.57,0,1.48,66.69,12.8,335.09,26.91,77,14.512792296952
"Osimo 2022",13.4961,43.4601,2022,5,12,132,2022-05-12,20.4,23.95,17.06,0,2.04,65.12,13.46,337.14,28.03,78,14.5511197710905
"Osimo 2022",13.4961,43.4601,2022,5,13,133,2022-05-13,20.59,23.42,17.33,0,2.09,63.88,13.38,337.32,27.07,79,14.5888808692277
"Osimo 2022",13.4961,43.4601,2022,5,14,134,2022-05-14,20.72,23.58,17.81,0,2.57,64.88,13.82,344.34,27.62,80,14.6260568359205
"Osimo 2022",13.4961,43.4601,2022,5,15,135,2022-05-15,20.78,23.5,18.33,0,2,72,15.49,360.5,25.52,81,14.6626286777262
"Osimo 2022",13.4961,43.4601,2022,5,16,136,2022-05-16,21.23,24.26,18.67,0.05,2.13,73.38,16.19,362.09,25.88,82,14.6985771853981
"Osimo 2022",13.4961,43.4601,2022,5,17,137,2022-05-17,20.89,22.75,18.45,0.25,3.07,75.31,16.36,355.27,26.48,83,14.7338829579317
"Osimo 2022",13.4961,43.4601,2022,5,18,138,2022-05-18,20.51,21.94,19.01,0.03,2.91,72.31,15.3,355.48,20.83,84,14.768526428467
"Osimo 2022",13.4961,43.4601,2022,5,19,139,2022-05-19,19.6,21.51,17.69,0,3.44,62.31,12.01,313.88,30.28,85,14.8024878920434
"Osimo 2022",13.4961,43.4601,2022,5,20,140,2022-05-20,20.82,24.37,16.99,0,1.83,65.88,14.08,348.65,27.98,86,14.8357475351942
"Osimo 2022",13.4961,43.4601,2022,5,21,141,2022-05-21,21.55,25.37,17.93,0,3.05,66.44,14.93,359.66,27.52,87,14.8682854673522
"Osimo 2022",13.4961,43.4601,2022,5,22,142,2022-05-22,22.38,26.42,18.42,0,2.56,69.62,16.37,374.16,26.39,88,14.9000817540315
"Osimo 2022",13.4961,43.4601,2022,5,23,143,2022-05-23,23.38,28.17,19.97,0,2.59,68.44,16.86,375.3,26.9,89,14.9311164517316
"Osimo 2022",13.4961,43.4601,2022,5,24,144,2022-05-24,23.4,26.98,20.87,0,1.99,66.56,16.61,373.68,25.08,90,14.9613696445016
"Osimo 2022",13.4961,43.4601,2022,5,25,145,2022-05-25,21.95,24.73,19.4,0,2.12,77.75,17.71,371.72,26.22,91,14.9908214820842
"Osimo 2022",13.4961,43.4601,2022,5,26,146,2022-05-26,21.9,24.23,20.19,0.9,2.12,77.94,17.73,392.66,18.52,92,15.019452219547
"Osimo 2022",13.4961,43.4601,2022,5,27,147,2022-05-27,21.76,23.26,20.19,0.01,1.76,79.25,17.96,393.06,19.47,93,15.0472422582942
"Osimo 2022",13.4961,43.4601,2022,5,28,148,2022-05-28,22.11,24.4,19.58,2,3.14,78.5,18.13,396.41,18.36,94,15.074172188334
"Osimo 2022",13.4961,43.4601,2022,5,29,149,2022-05-29,19.19,21.47,17.85,1.56,3.8,78.12,15.24,397.09,11.37,95,15.1002228316661
"Osimo 2022",13.4961,43.4601,2022,5,30,150,2022-05-30,20.55,23.5,17.74,2.03,2.91,79.06,16.75,396.66,17.02,96,15.1253752866366
"Osimo 2022",13.4961,43.4601,2022,5,31,151,2022-05-31,21.48,23.92,19.73,0.48,2.38,86.31,19.01,383.43,20.99,97,15.149610973092
"Osimo 2022",13.4961,43.4601,2022,6,1,152,2022-06-01,22.95,26.39,19.49,0,2.1,75.25,18.1,373.77,28.21,98,15.1729116781546
"Osimo 2022",13.4961,43.4601,2022,6,2,153,2022-06-02,23.94,26.89,21.33,0,1.96,69.81,17.93,373.9,27.77,99,15.1952596024235
"Osimo 2022",13.4961,43.4601,2022,6,3,154,2022-06-03,24.73,29.21,21.98,0.46,1.75,72.31,19.05,394.26,23,100,15.2166374063965
"Osimo 2022",13.4961,43.4601,2022,6,4,155,2022-06-04,24.63,28.02,22.29,0,1.86,76.25,19.93,396.26,26,101,15.2370282568953
"Osimo 2022",13.4961,43.4601,2022,6,5,156,2022-06-05,26.87,30.76,23.63,0.03,1.95,60.62,18.18,411.23,12.48,102,15.2564158732687
"Osimo 2022",13.4961,43.4601,2022,6,6,157,2022-06-06,24.5,26.3,22.33,0.02,3.34,72,19.12,380.55,26.78,103,15.2747845731379
"Osimo 2022",13.4961,43.4601,2022,6,7,158,2022-06-07,24.61,28.15,22.04,0.34,2.23,67.06,17.82,378.21,27.63,104,15.2921193174427
"Osimo 2022",13.4961,43.4601,2022,6,8,159,2022-06-08,22.81,24.55,21.38,1.19,3.98,71.75,17.3,372.32,27.98,105,15.3084057545433
"Osimo 2022",13.4961,43.4601,2022,6,9,160,2022-06-09,20.43,21.51,19.88,27.9,5.09,84.44,17.73,390.57,12.7,106,15.3236302631283
"Osimo 2022",13.4961,43.4601,2022,6,10,161,2022-06-10,21.48,22.91,20.17,2.34,7.58,75.62,16.98,386.49,11.92,107,15.337779993681
"Osimo 2022",13.4961,43.4601,2022,6,11,162,2022-06-11,22.46,24.23,20.34,0,4.45,70.19,16.65,357.47,28.38,108,15.3508429082546
"Osimo 2022",13.4961,43.4601,2022,6,12,163,2022-06-12,23.39,25.23,21.27,0,3.37,63.62,16.01,353.97,27.81,109,15.362807818316
"Osimo 2022",13.4961,43.4601,2022,6,13,164,2022-06-13,24.26,26.45,21.76,0,1.54,60.75,16.12,368.62,25.73,110,15.3736644204193
"Osimo 2022",13.4961,43.4601,2022,6,14,165,2022-06-14,24.05,25.84,22.52,0.01,2.55,65.69,17.19,374.31,27.3,111,15.3834033294823
"Osimo 2022",13.4961,43.4601,2022,6,15,166,2022-06-15,24.19,26.45,21.67,0.01,1.67,64.88,17.03,379.64,26.64,112,15.3920161094493
"Osimo 2022",13.4961,43.4601,2022,6,16,167,2022-06-16,24.9,27.93,21.86,0.01,1.55,64.44,17.51,392.22,26.41,113,15.3994953011384
"Osimo 2022",13.4961,43.4601,2022,6,17,168,2022-06-17,24.94,26.92,22.48,0.15,2.52,73.94,19.84,391.77,25.44,114,15.4058344470848
"Osimo 2022",13.4961,43.4601,2022,6,18,169,2022-06-18,24.92,26.55,23.13,0.06,3.51,61.5,16.69,367.18,27.54,115,15.4110281132131
"Osimo 2022",13.4961,43.4601,2022,6,19,170,2022-06-19,24.56,26.87,22.16,0,2.4,67.25,17.75,361.94,27.9,116,15.4150719071883
"Osimo 2022",13.4961,43.4601,2022,6,20,171,2022-06-20,26.65,31.35,22.06,0,2.37,53.81,15.99,372.95,28.24,117,15.4179624933191
"Osimo 2022",13.4961,43.4601,2022,6,21,172,2022-06-21,26.24,30.4,22.33,0.35,3,59.62,17.54,396.33,26.55,118,15.4196976039085
"Osimo 2022",13.4961,43.4601,2022,6,22,173,2022-06-22,26.31,29.94,23.26,0,2.48,61.81,18.21,406.93,21.86,119,15.420276046973
"Osimo 2022",13.4961,43.4601,2022,6,23,174,2022-06-23,26.91,29.01,23.62,0.47,2.37,60.88,18.57,411.06,18.63,120,15.4196977102748
"Osimo 2022",13.4961,43.4601,2022,6,24,175,2022-06-24,27.39,31.49,23.63,0.04,2.61,61.12,18.87,399.52,26.86,121,15.4179635616401
"Osimo 2022",13.4961,43.4601,2022,6,25,176,2022-06-25,26.08,29.15,23.39,0,3.07,63.69,18.49,396.74,24.2,122,15.4150756455589
"Osimo 2022",13.4961,43.4601,2022,6,26,177,2022-06-26,26.99,29.65,24.6,0,2.53,62.75,19.12,401.03,27.96,123,15.4110370760936
"Osimo 2022",13.4961,43.4601,2022,6,27,178,2022-06-27,27.51,29.98,24.43,0,3.61,69.56,21.15,407.45,26.76,124,15.4058520261445
"Osimo 2022",13.4961,43.4601,2022,6,28,179,2022-06-28,27.73,30.49,25.42,0.04,1.96,71.25,21.76,416,18.72,125,15.3995257131482
"Osimo 2022",13.4961,43.4601,2022,6,29,180,2022-06-29,26.79,29.4,24.47,0.02,2.71,69.88,20.72,398.3,27.59,126,15.3920643813107
"Osimo 2022",13.4961,43.4601,2022,6,30,181,2022-06-30,27.03,29.58,24.2,0.02,2.59,65.5,19.82,392.32,28.74,127,15.3834752804966
"Osimo 2022",13.4961,43.4601,2022,7,1,182,2022-07-01,27.74,29.99,25.03,0.01,2.77,66.94,20.9,395.34,27.2,128,15.3737666419219
"Osimo 2022",13.4961,43.4601,2022,7,2,183,2022-07-02,27.83,30.24,24.8,0.01,3.46,66.62,20.96,402.84,27.65,129,15.3629476508153
"Osimo 2022",13.4961,43.4601,2022,7,3,184,2022-07-03,27.83,30.14,25.25,0,3.52,65.75,20.47,395.46,28.82,130,15.3510284162315
"Osimo 2022",13.4961,43.4601,2022,7,4,185,2022-07-04,28.32,30.97,25.41,0,2.88,61.5,20.06,400.04,27.55,131,15.3380199382184
"Osimo 2022",13.4961,43.4601,2022,7,5,186,2022-07-05,27.51,29.76,24.97,0.26,3.5,65.94,20.42,404.02,27.37,132,15.3239340725497
"Osimo 2022",13.4961,43.4601,2022,7,6,187,2022-07-06,27.7,29.73,25.86,0.29,3.15,56.38,17.83,394.34,23.71,133,15.3087834932526
"Osimo 2022",13.4961,43.4601,2022,7,7,188,2022-07-07,27.26,29.48,25.37,0.93,3.6,61.94,19.12,398.68,25.35,134,15.2925816531619
"Osimo 2022",13.4961,43.4601,2022,7,8,189,2022-07-08,24.7,25.58,23.81,0.88,6.96,60.75,16.61,371.3,26.6,135,15.2753427427452
"Osimo 2022",13.4961,43.4601,2022,7,9,190,2022-07-09,23.75,24.81,22.15,0.04,5.28,56.25,14.43,352.6,28.76,136,15.2570816474455
"Osimo 2022",13.4961,43.4601,2022,7,10,191,2022-07-10,24.91,27.06,22.68,0,2.23,48,12.95,365.1,28.72,137,15.2378139037887
"Osimo 2022",13.4961,43.4601,2022,7,11,192,2022-07-11,24.57,25.94,23.48,0,3.7,55.44,14.98,375.39,27.24,138,15.2175556545055
"Osimo 2022",13.4961,43.4601,2022,7,12,193,2022-07-12,24.23,25.87,22.59,1.07,2.9,62.88,16.69,405.05,19.2,139,15.196323602915
"Osimo 2022",13.4961,43.4601,2022,7,13,194,2022-07-13,25.4,27.31,23.12,0,2.63,50.31,13.86,361.04,27.68,140,15.1741349668091
"Osimo 2022",13.4961,43.4601,2022,7,14,195,2022-07-14,26.18,28,24.34,0,1.73,50,14.78,363.32,28.32,141,15.1510074320768
"Osimo 2022",13.4961,43.4601,2022,7,15,196,2022-07-15,27.52,30.5,23.94,0,2.23,54.25,17.32,387.6,28.02,142,15.1269591062934
"Osimo 2022",13.4961,43.4601,2022,7,16,197,2022-07-16,27.77,30.64,25.37,0.07,2.59,60.5,19.37,402.85,27.52,143,15.1020084724939
"Osimo 2022",13.4961,43.4601,2022,7,17,198,2022-07-17,27.75,29.99,25.24,0.39,2.59,67.25,20.88,401.94,25.61,144,15.076174343338
"Osimo 2022",13.4961,43.4601,2022,7,18,199,2022-07-18,27.3,29.52,25.23,0.01,3.06,55.19,17.05,384.81,26.15,145,15.0494758158615
"Osimo 2022",13.4961,43.4601,2022,7,19,200,2022-07-19,27.14,29.61,24.3,0,2.6,54.44,16.19,370.76,28.47,146,15.0219322269959
"Osimo 2022",13.4961,43.4601,2022,7,20,201,2022-07-20,27.55,30.25,24.18,0,1.77,60.31,18.81,367.09,27.42,147,14.9935631100263
"Osimo 2022",13.4961,43.4601,2022,7,21,202,2022-07-21,28.23,30.3,25.66,0,1.55,49.94,16.73,394.36,25.93,148,14.9643881521397
"Osimo 2022",13.4961,43.4601,2022,7,22,203,2022-07-22,29.42,32.01,26.42,0,1.48,48.56,17.21,410.78,24.82,149,14.9344271532044
"Osimo 2022",13.4961,43.4601,2022,7,23,204,2022-07-23,30.26,34.81,27.27,0,1.96,52.62,19.21,422.16,25.64,150,14.9036999859051
"Osimo 2022",13.4961,43.4601,2022,7,24,205,2022-07-24,29.88,32.12,27.66,0,2.76,58.38,20.76,416.02,24.62,151,14.8722265573427
"Osimo 2022",13.4961,43.4601,2022,7,25,206,2022-07-25,29.61,32.18,26.5,0,2.07,61.31,21.17,419.2,25.2,152,14.8400267721951
"Osimo 2022",13.4961,43.4601,2022,7,26,207,2022-07-26,29.81,32.76,27.45,0.79,2.24,60.81,21.27,417.06,23.93,153,14.8071204975171
"Osimo 2022",13.4961,43.4601,2022,7,27,208,2022-07-27,28.27,30.69,26.12,2.31,1.88,73.31,22.93,413.37,14.93,154,14.7735275292482
"Osimo 2022",13.4961,43.4601,2022,7,28,209,2022-07-28,27.83,29.76,25.39,0.35,1.9,65.44,20.62,405.49,25.56,155,14.7392675604795
"Osimo 2022",13.4961,43.4601,2022,7,29,210,2022-07-29,28.5,30.23,26.32,1.08,1.98,65.19,21.3,409.9,23.11,156,14.7043601515196
"Osimo 2022",13.4961,43.4601,2022,7,30,211,2022-07-30,26.64,28.05,25.46,4.55,4.29,70.56,20.82,404.85,21.88,157,14.6688247017875
"Osimo 2022",13.4961,43.4601,2022,7,31,212,2022-07-31,27.48,29.76,25.17,0,2.43,53.31,16.9,375.25,26.17,158,14.6326804235461
"Osimo 2022",13.4961,43.4601,2022,8,1,213,2022-08-01,28.32,30.45,25.65,0.01,1.2,52.56,17.58,381.98,26.24,159,14.5959463174848
"Osimo 2022",13.4961,43.4601,2022,8,2,214,2022-08-02,27.9,30.23,25.95,0.07,1.97,63.38,20.13,398.4,21.11,160,14.5586411501415
"Osimo 2022",13.4961,43.4601,2022,8,3,215,2022-08-03,27.97,30.37,25,0.08,2.55,61.88,19.42,389.48,24.54,161,14.5207834331532
"Osimo 2022",13.4961,43.4601,2022,8,4,216,2022-08-04,28.84,31.32,25.34,0.04,1.88,59.88,19.99,385.7,26.13,162,14.4823914043107
"Osimo 2022",13.4961,43.4601,2022,8,5,217,2022-08-05,29.09,31.48,26.58,0,1.78,53.75,18.69,388.4,24.58,163,14.4434830103873
"Osimo 2022",13.4961,43.4601,2022,8,6,218,2022-08-06,29.49,32.05,26.07,0.04,3.61,59.69,20.62,395.11,23.06,164,14.4040758917048
"Osimo 2022",13.4961,43.4601,2022,8,7,219,2022-08-07,28.12,29.61,26.79,1.53,4.37,63.5,20.44,401.07,20.76,165,14.3641873683938
"Osimo 2022",13.4961,43.4601,2022,8,8,220,2022-08-08,27.52,29.51,26.12,7.74,3.54,68.94,21.14,409.37,17.8,166,14.3238344283009
"Osimo 2022",13.4961,43.4601,2022,8,9,221,2022-08-09,26.08,26.77,25.18,1.72,4.05,67.44,19.57,391.57,21.99,167,14.2830337164897
"Osimo 2022",13.4961,43.4601,2022,8,10,222,2022-08-10,27.06,28.4,25.68,0.05,4.69,62.19,19.11,388.14,23.79,168,14.2418015262812
"Osimo 2022",13.4961,43.4601,2022,8,11,223,2022-08-11,27.08,28.91,25.44,0.02,3.9,52.5,16.35,380.58,22.84,169,14.2001537917736
"Osimo 2022",13.4961,43.4601,2022,8,12,224,2022-08-12,26.52,28.62,24.43,0.16,3.38,54.31,16.3,387.03,17.46,170,14.1581060817818
"Osimo 2022",13.4961,43.4601,2022,8,13,225,2022-08-13,25.01,26.65,23.79,1.75,3.99,59.44,16.51,383.86,17.85,171,14.1156735951339
"Osimo 2022",13.4961,43.4601,2022,8,14,226,2022-08-14,25.85,28.3,23.07,0.02,3.41,58,16.79,370.05,24.36,172,14.0728711572606
"Osimo 2022",13.4961,43.4601,2022,8,15,227,2022-08-15,27.3,29.91,24.33,0.18,2.12,58.19,18.26,397.99,20.71,173,14.0297132180146
"Osimo 2023",13.4961,43.4601,2023,2,8,39,2023-02-08,6.67,7.45,5.98,0.09,5.05,61.88,-0.13,286.09,7.26,1,10.1681744582781
"Osimo 2023",13.4961,43.4601,2023,2,9,40,2023-02-09,5.89,6.96,4.89,0.78,3.98,65.94,-0.02,299.74,6.97,2,10.2119411387784
"Osimo 2023",13.4961,43.4601,2023,2,10,41,2023-02-10,6.25,7.73,4.77,0,4.45,68.81,0.92,259.61,10.03,3,10.2561019687296
"Osimo 2023",13.4961,43.4601,2023,2,11,42,2023-02-11,7.61,9.89,6.06,0,4.38,68.31,2.12,248.41,12.25,4,10.3006393589235
"Osimo 2023",13.4961,43.4601,2023,2,12,43,2023-02-12,9.26,12.45,6.45,0,3.8,72.75,4.59,283.09,6.64,5,10.3455362023079
"Osimo 2023",13.4961,43.4601,2023,2,13,44,2023-02-13,9.86,11.69,8.06,0,2.88,68.44,4.3,270.37,12.47,6,10.3907758745528
"Osimo 2023",13.4961,43.4601,2023,2,14,45,2023-02-14,9.25,11.75,7.07,0,4.27,82.06,6.27,261.87,12.7,7,10.4363422330844
"Osimo 2023",13.4961,43.4601,2023,2,15,46,2023-02-15,10.83,13.03,8.62,0,2.14,78.94,7.32,264.65,12.65,8,10.4822196146898
"Osimo 2023",13.4961,43.4601,2023,2,16,47,2023-02-16,10.23,13.31,7.15,0,2.34,75.75,6.08,274.44,11.4,9,10.5283928317914
"Osimo 2023",13.4961,43.4601,2023,2,17,48,2023-02-17,9.52,12.01,6.87,0.02,2.97,84.31,6.9,273.41,12.33,10,10.5748471674902
"Osimo 2023",13.4961,43.4601,2023,2,18,49,2023-02-18,10.48,14.05,7.33,0,3.03,82.81,7.61,282.84,12.64,11,10.6215683694717
"Osimo 2023",13.4961,43.4601,2023,2,19,50,2023-02-19,10.79,14.02,7.32,0.04,3.16,86.25,8.51,287.95,12.27,12,10.6685426428665
"Osimo 2023",13.4961,43.4601,2023,2,20,51,2023-02-20,11.17,12.8,10.19,0.14,1.94,88.06,9.28,303.88,11.53,13,10.7157566421528
"Osimo 2023",13.4961,43.4601,2023,2,21,52,2023-02-21,10.92,13.42,9.09,0.02,2.32,89.44,9.23,326.23,10.91,14,10.7631974621861
"Osimo 2023",13.4961,43.4601,2023,2,22,53,2023-02-22,11.31,13.8,9.74,0.08,1.24,88.06,9.36,353.07,5.02,15,10.810852628435
"Osimo 2023",13.4961,43.4601,2023,2,23,54,2023-02-23,11.56,13.69,10.23,0.39,1.6,86,9.26,330.21,9.61,16,10.8587100864998
"Osimo 2023",13.4961,43.4601,2023,2,24,55,2023-02-24,12.65,15.91,10.35,0.04,0.68,79.62,9.08,316.7,9.9,17,10.9067581909859
"Osimo 2023",13.4961,43.4601,2023,2,25,56,2023-02-25,12.64,15.12,9.91,3.32,1.86,84.12,9.99,332.81,3.48,18,10.9549856937999
"Osimo 2023",13.4961,43.4601,2023,2,26,57,2023-02-26,9,11.94,5.75,47.5,5.54,90.06,7.46,330.88,2.48,19,11.0033817319306
"Osimo 2023",13.4961,43.4601,2023,2,27,58,2023-02-27,8.73,9.3,7.94,12.13,6.3,85.31,6.37,321.72,4.54,20,11.0519358147767
"Osimo 2023",13.4961,43.4601,2023,2,28,59,2023-02-28,9.58,10.26,8.58,3.82,5.44,79.69,6.25,334.56,4.27,21,11.1006378110743
"Osimo 2023",13.4961,43.4601,2023,3,1,60,2023-03-01,10.35,11.42,9.32,49.25,4.57,92.31,9.15,324.82,4.71,22,11.1494779354772
"Osimo 2023",13.4961,43.4601,2023,3,2,61,2023-03-02,11.52,13.29,10.18,3.31,3.2,86.38,9.28,330.34,9.46,23,11.1984467348356
"Osimo 2023",13.4961,43.4601,2023,3,3,62,2023-03-03,10.26,10.98,9.58,8.33,2.78,89.12,8.57,331.23,7.08,24,11.2475350742198
"Osimo 2023",13.4961,43.4601,2023,3,4,63,2023-03-04,9.97,11.84,8.6,0.05,3.02,79.12,6.51,298.39,12.32,25,11.2967341227254
"Osimo 2023",13.4961,43.4601,2023,3,5,64,2023-03-05,10.2,12.37,7.97,0,2.62,73.19,5.55,267.54,15.67,26,11.3460353390997
"Osimo 2023",13.4961,43.4601,2023,3,6,65,2023-03-06,10.37,13.65,7.41,0.19,3.41,79.69,6.94,297.09,12.06,27,11.3954304572211
"Osimo 2023",13.4961,43.4601,2023,3,7,66,2023-03-07,11.27,14.47,8.42,0.08,3.41,78.44,7.56,290.1,16.19,28,11.4449114714612
"Osimo 2023",13.4961,43.4601,2023,3,8,67,2023-03-08,12.4,15.54,9.24,0.53,3.35,81.06,9.21,331.88,11.55,29,11.4944706219582
"Osimo 2023",13.4961,43.4601,2023,3,9,68,2023-03-09,14,16.9,12,0.1,3.71,79.62,10.53,330.61,13.92,30,11.5441003798249
"Osimo 2023",13.4961,43.4601,2023,3,10,69,2023-03-10,13.79,16.4,12.14,2.78,4.35,80.62,10.47,331.6,9.45,31,11.5937934323133
"Osimo 2023",13.4961,43.4601,2023,3,11,70,2023-03-11,13.4,16.48,11.73,1.49,4.62,84.69,10.83,317.3,13.77,32,11.6435426679549
"Osimo 2023",13.4961,43.4601,2023,3,12,71,2023-03-12,11.71,12.69,10.44,0.05,3.18,67.06,5.75,304.37,14.71,33,11.6933411616941
"Osimo 2023",13.4961,43.4601,2023,3,13,72,2023-03-13,13.79,18.13,11.08,0,1.57,69.25,8.15,296.91,16.34,34,11.7431821600291
"Osimo 2023",13.4961,43.4601,2023,3,14,73,2023-03-14,13.59,17.64,11.71,13.36,2.8,79.38,9.94,329.8,11.32,35,11.7930590661739
"Osimo 2023",13.4961,43.4601,2023,3,15,74,2023-03-15,11.64,12.83,10.1,1.32,6.73,72.25,6.76,322.41,10.92,36,11.8429654252515
"Osimo 2023",13.4961,43.4601,2023,3,16,75,2023-03-16,9.67,10.76,8.73,0,4.8,59.62,2.18,265.8,18.15,37,11.8928949095291
"Osimo 2023",13.4961,43.4601,2023,3,17,76,2023-03-17,10.59,12.44,8.75,0,2.6,51.38,0.93,270.09,18.61,38,11.9428413037029
"Osimo 2023",13.4961,43.4601,2023,3,18,77,2023-03-18,11.5,13.78,9.51,0,2.16,64.62,5.03,283.48,17.87,39,11.9927984902393
"Osimo 2023",13.4961,43.4601,2023,3,19,78,2023-03-19,12.15,14.76,9.86,1.03,1.69,77.31,8.26,322.93,10.52,40,12.0427604347785
"Osimo 2023",13.4961,43.4601,2023,3,20,79,2023-03-20,11.62,12.26,11,16.69,2.12,86.69,9.49,346.39,5.89,41,12.0927211716055
"Osimo 2023",13.4961,43.4601,2023,3,21,80,2023-03-21,12.2,14.19,10.87,0.25,3.76,86.19,9.94,327.25,14.07,42,12.1426747891925
"Osimo 2023",13.4961,43.4601,2023,3,22,81,2023-03-22,13.41,16.74,10.8,0,1.98,73,8.6,300.75,18.46,43,12.1926154158154
"Osimo 2023",13.4961,43.4601,2023,3,23,82,2023-03-23,13.8,16.61,11.01,0,2.16,78.69,10.14,306.6,19.44,44,12.2425372052489
"Osimo 2023",13.4961,43.4601,2023,3,24,83,2023-03-24,14.77,18.74,11.29,0,2.56,75.38,10.34,318.02,18.27,45,12.2924343225409
"Osimo 2023",13.4961,43.4601,2023,3,25,84,2023-03-25,14.44,17.71,11.28,0,3.55,77.88,10.56,313.3,19.66,46,12.3423009298702
"Osimo 2023",13.4961,43.4601,2023,3,26,85,2023-03-26,13.67,16.53,10.99,0.02,4.1,76.94,9.68,317.88,14.4,47,12.3921311724884
"Osimo 2023",13.4961,43.4601,2023,3,27,86,2023-03-27,12.98,16.14,11.12,1.5,4.84,75.5,8.61,308.72,18.56,48,12.4419191647489
"Osimo 2023",13.4961,43.4601,2023,3,28,87,2023-03-28,11.16,12.87,8.95,0.13,3.66,50.12,0.98,274.46,21.63,49,12.4916589762261
"Osimo 2023",13.4961,43.4601,2023,3,29,88,2023-03-29,12.11,14.9,9.28,0,3.16,66.19,5.92,297.3,16.62,50,12.5413446179259
"Osimo 2023",13.4961,43.4601,2023,3,30,89,2023-03-30,13.06,16.17,9.83,0.01,2.15,79.44,9.54,307.73,16.98,51,12.5909700285926
"Osimo 2023",13.4961,43.4601,2023,3,31,90,2023-03-31,13.65,16.41,11.86,1.57,1.65,83.62,10.87,326.38,11.16,52,12.640529061115
"Osimo 2023",13.4961,43.4601,2023,4,1,91,2023-04-01,14.19,17.26,12.11,0.67,3.94,76.38,9.96,324.54,19.59,53,12.6900154690357
"Osimo 2023",13.4961,43.4601,2023,4,2,92,2023-04-02,13.27,15.26,11.7,0.47,2.22,78.06,9.49,305.78,19.06,54,12.7394228931704
"Osimo 2023",13.4961,43.4601,2023,4,3,93,2023-04-03,11.44,13.15,9.31,0.15,8.13,68.31,5.8,303.7,17.72,55,12.7887448483419
"Osimo 2023",13.4961,43.4601,2023,4,4,94,2023-04-04,8.95,10.15,8.05,0.09,7.19,65.12,2.74,314.59,12.35,56,12.8379747102367
"Osimo 2023",13.4961,43.4601,2023,4,5,95,2023-04-05,8.83,9.85,8.03,0.11,4.8,64.06,2.4,323.44,6.64,57,12.8871057023935
"Osimo 2023",13.4961,43.4601,2023,4,6,96,2023-04-06,9.4,10.72,7.25,0,4.02,58.88,1.72,262.83,22.65,58,12.9361308833309
"Osimo 2023",13.4961,43.4601,2023,4,7,97,2023-04-07,11.55,14.3,8.68,0.02,2.75,58.56,3.5,281.38,23.01,59,12.9850431338288
"Osimo 2023",13.4961,43.4601,2023,4,8,98,2023-04-08,12.33,14.01,11.23,0.63,2.84,69.19,6.81,312.38,17.62,60,13.0338351443729
"Osimo 2023",13.4961,43.4601,2023,4,9,99,2023-04-09,11.94,13.32,10.69,0.68,4.51,72.94,7.21,302.42,17.92,61,13.0824994027788
"Osimo 2023",13.4961,43.4601,2023,4,10,100,2023-04-10,11.35,13.19,9.87,0.22,4.99,71.25,6.3,283.4,20.47,62,13.131028182011
"Osimo 2023",13.4961,43.4601,2023,4,11,101,2023-04-11,12.27,15.54,9.05,0,2.77,71.06,7.1,297.22,17.85,63,13.1794135282137
"Osimo 2023",13.4961,43.4601,2023,4,12,102,2023-04-12,13.84,16.66,11.31,0.02,2.75,80.31,10.48,335.43,16.57,64,13.2276472489754
"Osimo 2023",13.4961,43.4601,2023,4,13,103,2023-04-13,14.08,17.87,10.52,12.45,2.02,80.94,10.8,345.27,9.85,65,13.2757209018463
"Osimo 2023",13.4961,43.4601,2023,4,14,104,2023-04-14,10.81,12.36,9.62,1.16,4.1,75.06,6.52,315.73,13.03,66,13.323625783135
"Osimo 2023",13.4961,43.4601,2023,4,15,105,2023-04-15,12.09,14.49,8.64,6.66,3.91,79.56,8.58,325.05,14.23,67,13.3713529170091
"Osimo 2023",13.4961,43.4601,2023,4,16,106,2023-04-16,12.1,12.69,11.55,16.45,5.81,88.69,10.3,348.21,8.52,68,13.4188930449282
"Osimo 2023",13.4961,43.4601,2023,4,17,107,2023-04-17,13.4,14.69,11.8,1.8,5.3,81.81,10.37,337.27,11.19,69,13.4662366154408
"Osimo 2023",13.4961,43.4601,2023,4,18,108,2023-04-18,13.73,14.77,13.01,1.87,4.41,86.44,11.51,347.89,10.18,70,13.5133737743776
"Osimo 2023",13.4961,43.4601,2023,4,19,109,2023-04-19,14.29,16.69,12.16,0.17,2.31,82.25,11.2,324.77,22,71,13.5602943554772
"Osimo 2023",13.4961,43.4601,2023,4,20,110,2023-04-20,14.27,16.44,12.01,0.22,2.02,84.56,11.65,323.82,20.1,72,13.6069878714818
"Osimo 2023",13.4961,43.4601,2023,4,21,111,2023-04-21,14.89,17.18,13.05,0.3,1.62,83.06,11.94,324.23,20.43,73,13.6534435057439
"Osimo 2023",13.4961,43.4601,2023,4,22,112,2023-04-22,15.16,17.68,12.16,0.12,2.13,75.12,10.64,313.2,24.63,74,13.6996501043871
"Osimo 2023",13.4961,43.4601,2023,4,23,113,2023-04-23,16.98,21.08,14.35,0.39,1.63,70.12,11.35,337.58,20.09,75,13.7455961690659
"Osimo 2023",13.4961,43.4601,2023,4,24,114,2023-04-24,15.22,17.61,13.48,3.26,3.34,78.88,11.56,342.48,13.54,76,13.7912698503735
"Osimo 2023",13.4961,43.4601,2023,4,25,115,2023-04-25,14.68,16.63,12.65,3.55,2.41,78.38,10.94,333.29,13.19,77,13.8366589419472
"Osimo 2023",13.4961,43.4601,2023,4,26,116,2023-04-26,14.08,15.98,11.96,0,2.73,68.94,8.31,294.44,26.11,78,13.8817508753237
"Osimo 2023",13.4961,43.4601,2023,4,27,117,2023-04-27,14.92,17.47,12.72,0,2,71.75,9.77,305.98,23.54,79,13.9265327156004
"Osimo 2023",13.4961,43.4601,2023,4,28,118,2023-04-28,16.91,20.94,13.44,0,1.64,67.69,10.66,319.39,25.42,80,13.9709911579585
"Osimo 2023",13.4961,43.4601,2023,4,29,119,2023-04-29,14.99,17.02,14,2.18,3.19,83.56,12.19,359.99,8.49,81,14.0151125251063
"Osimo 2023",13.4961,43.4601,2023,4,30,120,2023-04-30,15.57,17.21,13.93,0.02,1.73,85.62,13.18,340.76,20.61,82,14.0588827657039
"Osimo 2023",13.4961,43.4601,2023,5,1,121,2023-05-01,15.54,16.82,14.69,13.68,5.03,91.31,14.13,350.9,10.11,83,14.102287453831
"Osimo 2023",13.4961,43.4601,2023,5,2,122,2023-05-02,15.9,16.7,15.37,11.01,5.16,93.38,14.85,369.92,7.93,84,14.1453117895592
"Osimo 2023",13.4961,43.4601,2023,5,3,123,2023-05-03,15.89,16.96,15.05,0.81,4.15,85.5,13.45,363.76,9.55,85,14.1879406006939
"Osimo 2023",13.4961,43.4601,2023,5,4,124,2023-05-04,15.79,17.58,14.18,0,3.48,82.44,12.75,325.41,24.55,86,14.2301583457488
"Osimo 2023",13.4961,43.4601,2023,5,5,125,2023-05-05,16.44,18.78,13.61,0,2.16,74.38,11.83,314.45,26.43,87,14.2719491182176
"Osimo 2023",13.4961,43.4601,2023,5,6,126,2023-05-06,17.78,20.9,15.4,0,1.73,72.12,12.62,333.09,24.9,88,14.3132966522055
"Osimo 2023",13.4961,43.4601,2023,5,7,127,2023-05-07,18.45,21.61,16.33,0.04,1.79,73.81,13.62,346.57,25.85,89,14.3541843294832
"Osimo 2023",13.4961,43.4601,2023,5,8,128,2023-05-08,17.96,19.91,16.15,0.17,1.25,76.5,13.67,361.54,13.06,90,14.394595188025
"Osimo 2023",13.4961,43.4601,2023,5,9,129,2023-05-09,17.4,19.17,15.39,0.11,1.54,86.12,15.05,355.12,22.95,91,14.4345119320889
"Osimo 2023",13.4961,43.4601,2023,5,10,130,2023-05-10,16.92,17.43,16.37,7.88,2.56,92.5,15.72,370.22,7.64,92,14.4739169438945
"Osimo 2023",13.4961,43.4601,2023,5,11,131,2023-05-11,17.43,19.73,15.17,3.06,3.64,81.56,14.12,358.38,19.62,93,14.512792296952
"Osimo 2023",13.4961,43.4601,2023,5,12,132,2023-05-12,16.15,18.43,13.51,1.29,2.62,78.88,12.43,343.19,20.16,94,14.5511197710905
"Osimo 2023",13.4961,43.4601,2023,5,13,133,2023-05-13,16.52,18.23,14.95,6.11,1.71,80,13.03,339.98,17.29,95,14.5888808692277
"Osimo 2023",13.4961,43.4601,2023,5,14,134,2023-05-14,15.8,17.98,14.13,7.46,3.05,87.19,13.68,361.51,9.83,96,14.6260568359205
"Osimo 2023",13.4961,43.4601,2023,5,15,135,2023-05-15,15.32,17.01,13.57,3.59,3.52,83.94,12.59,340.61,17.44,97,14.6626286777262
"Osimo 2023",13.4961,43.4601,2023,5,16,136,2023-05-16,17.19,17.94,16.39,16.78,5.89,90.62,15.64,373.66,14.05,98,14.6985771853981
"Osimo 2023",13.4961,43.4601,2023,5,17,137,2023-05-17,16.73,17.74,14.9,20.11,5.35,89,14.91,370.06,11.49,99,14.7338829579317
"Osimo 2023",13.4961,43.4601,2023,5,18,138,2023-05-18,16.25,17.9,14.65,1.53,3.92,75.81,11.94,356.08,16.12,100,14.768526428467
"Osimo 2023",13.4961,43.4601,2023,5,19,139,2023-05-19,16.87,18.37,15.85,1.76,3.3,87.12,14.72,364.88,12.75,101,14.8024878920434
"Osimo 2023",13.4961,43.4601,2023,5,20,140,2023-05-20,16.91,18.44,15.96,5.41,2.05,84.56,14.27,367.37,6.89,102,14.8357475351942
"Osimo 2023",13.4961,43.4601,2023,5,21,141,2023-05-21,18.3,20.66,15.79,1.21,2.12,84.31,15.55,356.61,23.71,103,14.8682854673522
"Osimo 2023",13.4961,43.4601,2023,5,22,142,2023-05-22,18.8,21.09,16.32,0.03,2.03,79.25,15.08,349.12,26.74,104,14.9000817540315
"Osimo 2023",13.4961,43.4601,2023,5,23,143,2023-05-23,19.57,23.61,16.73,0.01,2.34,74.88,14.86,348.39,26.3,105,14.9311164517316
"Osimo 2023",13.4961,43.4601,2023,5,24,144,2023-05-24,19.9,23.17,17.77,0.26,1.77,78.94,16.01,354.6,25.71,106,14.9613696445016
"Osimo 2023",13.4961,43.4601,2023,5,25,145,2023-05-25,20.05,22.15,17.81,0.16,2.08,83.62,17.11,347.1,26.72,107,14.9908214820842
"Osimo 2023",13.4961,43.4601,2023,5,26,146,2023-05-26,20.27,22.12,17.97,0.02,3.3,80.94,16.81,347.1,25.78,108,15.019452219547
"Osimo 2023",13.4961,43.4601,2023,5,27,147,2023-05-27,20.36,21.94,18.62,0,3.02,78.62,16.48,343.85,27.43,109,15.0472422582942
"Osimo 2023",13.4961,43.4601,2023,5,28,148,2023-05-28,20.18,21.5,18.69,0.05,2.22,80.44,16.69,344.01,26.4,110,15.074172188334
"Osimo 2023",13.4961,43.4601,2023,5,29,149,2023-05-29,20.48,22.03,18.61,0.92,2.55,81.31,17.13,349.95,26.07,111,15.1002228316661
"Osimo 2023",13.4961,43.4601,2023,5,30,150,2023-05-30,20.64,22.31,18.84,1.44,2.28,84.81,17.98,349.66,24.46,112,15.1253752866366
"Osimo 2023",13.4961,43.4601,2023,5,31,151,2023-05-31,20.75,22.32,19.44,1.72,2.55,83.25,17.8,363.11,20.88,113,15.149610973092
"Osimo 2023",13.4961,43.4601,2023,6,1,152,2023-06-01,20.98,22.56,19.08,0.33,1.68,82,17.72,358.94,24.9,114,15.1729116781546
"Osimo 2023",13.4961,43.4601,2023,6,2,153,2023-06-02,21.74,24.02,18.98,0.08,1.88,73.81,16.82,359.11,25.73,115,15.1952596024235
"Osimo 2023",13.4961,43.4601,2023,6,3,154,2023-06-03,21.74,23.62,19.44,1.09,2.56,78.88,17.9,366.69,23.89,116,15.2166374063965
"Osimo 2023",13.4961,43.4601,2023,6,4,155,2023-06-04,21.73,23.73,19.84,6.17,1.25,79,17.91,375.03,19.75,117,15.2370282568953
"Osimo 2023",13.4961,43.4601,2023,6,5,156,2023-06-05,20.56,22.56,18.99,12.28,1.49,81.31,17.19,393.55,14.83,118,15.2564158732687
"Osimo 2023",13.4961,43.4601,2023,6,6,157,2023-06-06,21.13,22.75,19.83,15.04,1.55,77.56,17.02,372.52,20.21,119,15.2747845731379
"Osimo 2023",13.4961,43.4601,2023,6,7,158,2023-06-07,21.8,23.29,20.03,0.35,1.17,75.19,17.21,368.65,24.75,120,15.2921193174427
"Osimo 2023",13.4961,43.4601,2023,6,8,159,2023-06-08,22.3,23.85,20.7,0.56,2.02,74.75,17.6,371.2,25.68,121,15.3084057545433
"Osimo 2023",13.4961,43.4601,2023,6,9,160,2023-06-09,23.01,24.79,21.18,1.27,1.41,76.19,18.58,378.53,26.19,122,15.3236302631283
"Osimo 2023",13.4961,43.4601,2023,6,10,161,2023-06-10,21.65,23.48,20.4,6.62,2.67,85.75,19.16,396.76,13.42,123,15.337779993681
"Osimo 2023",13.4961,43.4601,2023,6,11,162,2023-06-11,22.24,23.95,20.3,2.3,3.78,82.19,19.01,369.24,26.57,124,15.3508429082546
"Osimo 2023",13.4961,43.4601,2023,6,12,163,2023-06-12,22.48,23.97,20.94,1.22,3.12,77.31,18.26,362.75,27.34,125,15.362807818316
"Osimo 2023",13.4961,43.4601,2023,6,13,164,2023-06-13,22.51,23.8,21.23,1.16,2.09,75.56,17.98,375.23,21.69,126,15.3736644204193
"Osimo 2023",13.4961,43.4601,2023,6,14,165,2023-06-14,21.33,22.42,19.86,8.06,1.68,77.81,17.29,386.73,16.49,127,15.3834033294823
"Osimo 2023",13.4961,43.4601,2023,6,15,166,2023-06-15,21.71,23.75,19.85,9.78,3.33,78.19,17.62,372.2,22.48,128,15.3920161094493
"Osimo 2023",13.4961,43.4601,2023,6,16,167,2023-06-16,22.66,24.29,21,0.09,4.02,66.25,15.95,348.95,28.33,129,15.3994953011384
"Osimo 2023",13.4961,43.4601,2023,6,17,168,2023-06-17,22.94,24.65,20.16,0.16,2.53,65.94,16.04,353.84,28.36,130,15.4058344470848
"Osimo 2023",13.4961,43.4601,2023,6,18,169,2023-06-18,23.83,25.85,21.3,0,1.84,62.62,16.25,358.8,27.46,131,15.4110281132131
"Osimo 2023",13.4961,43.4601,2023,6,19,170,2023-06-19,24.44,27.48,21.88,0.01,2.45,70.5,18.61,377.28,25.08,132,15.4150719071883
"Osimo 2023",13.4961,43.4601,2023,6,20,171,2023-06-20,25.82,28.38,23.08,0.54,1.66,60.81,17.47,385.93,26.49,133,15.4179624933191
"Osimo 2023",13.4961,43.4601,2023,6,21,172,2023-06-21,24.55,26.38,22.22,0.05,2.64,69.56,18.6,395.12,26.61,134,15.4196976039085
"Osimo 2023",13.4961,43.4601,2023,6,22,173,2023-06-22,27.13,32.12,24.15,0,1.36,66.62,20.08,401.15,25.53,135,15.420276046973
"Osimo 2023",13.4961,43.4601,2023,6,23,174,2023-06-23,26.09,29.04,23.79,7.31,2.15,73.44,20.83,402.81,22.97,136,15.4196977102748
"Osimo 2023",13.4961,43.4601,2023,6,24,175,2023-06-24,23.59,24.9,22.16,5.66,6.21,76.75,19.26,380.27,24.86,137,15.4179635616401
"Osimo 2023",13.4961,43.4601,2023,6,25,176,2023-06-25,23.68,25.06,22.01,0,5.06,70.5,17.97,363.94,28.35,138,15.4150756455589
"Osimo 2023",13.4961,43.4601,2023,6,26,177,2023-06-26,24.65,26.26,22.55,0,3.52,67.25,18.01,362.13,28.73,139,15.4110370760936
"Osimo 2023",13.4961,43.4601,2023,6,27,178,2023-06-27,25.6,27.8,23.35,0.02,1.95,64.88,18.41,382.5,26.59,140,15.4058520261445
"Osimo 2023",13.4961,43.4601,2023,6,28,179,2023-06-28,23.54,24.64,22.25,2.32,3.54,75.19,18.86,405.05,16.37,141,15.3995257131482
"Osimo 2023",13.4961,43.4601,2023,6,29,180,2023-06-29,23.51,25.26,21.09,0,2.64,52.75,13.06,356.86,28.74,142,15.3920643813107
"Osimo 2023",13.4961,43.4601,2023,6,30,181,2023-06-30,24.56,26.78,22.62,2.9,2.33,58.94,15.77,390.71,18.62,143,15.3834752804966
"Osimo 2023",13.4961,43.4601,2023,7,1,182,2023-07-01,23.07,24.6,21.39,7.86,1.75,71.69,17.58,387.43,20.49,144,15.3737666419219
"Osimo 2023",13.4961,43.4601,2023,7,2,183,2023-07-02,23.75,25.87,21.3,0,2.47,71.06,18.13,383.09,27.22,145,15.3629476508153
"Osimo 2023",13.4961,43.4601,2023,7,3,184,2023-07-03,24.82,26.66,22.5,1.94,1.72,74.69,20,399.13,26.29,146,15.3510284162315
"Osimo 2023",13.4961,43.4601,2023,7,4,185,2023-07-04,23.87,25.44,22.34,8.85,2.96,81.19,20.44,396.69,22.98,147,15.3380199382184
"Osimo 2023",13.4961,43.4601,2023,7,5,186,2023-07-05,25.07,27.26,22.77,0.99,2.53,75.25,20.31,377.77,28.49,148,15.3239340725497
"Osimo 2023",13.4961,43.4601,2023,7,6,187,2023-07-06,25.04,27.01,22.26,1.09,2.55,73.38,19.87,389.3,22.67,149,15.3087834932526
"Osimo 2023",13.4961,43.4601,2023,7,7,188,2023-07-07,24.57,26.13,22.82,0.43,3.7,74,19.48,375.45,28.41,150,15.2925816531619
"Osimo 2023",13.4961,43.4601,2023,7,8,189,2023-07-08,25.22,26.97,23.42,0.01,1.64,61.88,17.26,378.12,27.84,151,15.2753427427452
"Osimo 2023",13.4961,43.4601,2023,7,9,190,2023-07-09,26.16,28,23.87,0,1.74,60.62,17.94,382.72,27.91,152,15.2570816474455
"Osimo 2023",13.4961,43.4601,2023,7,10,191,2023-07-10,26.8,28.7,24.82,0,1.53,66.62,20.01,388.64,28.44,153,15.2378139037887
"Osimo 2023",13.4961,43.4601,2023,7,11,192,2023-07-11,27.84,30.11,25.76,0,2.09,68.19,21.37,406.44,27.52,154,15.2175556545055
"Osimo 2023",13.4961,43.4601,2023,7,12,193,2023-07-12,28.04,30.33,26.02,0,1.72,70.12,21.84,404.88,24.52,155,15.196323602915
"Osimo 2023",13.4961,43.4601,2023,7,13,194,2023-07-13,28.44,31.48,26.11,0,1.37,70.19,22.22,417.22,17,156,15.1741349668091
"Osimo 2023",13.4961,43.4601,2023,7,14,195,2023-07-14,27.66,29.54,25.62,0.02,2.16,74.12,22.59,411.54,26.94,157,15.1510074320768
"Osimo 2023",13.4961,43.4601,2023,7,15,196,2023-07-15,28.21,30.25,26.49,0,1.7,71.06,22.41,411.8,26.27,158,15.1269591062934
"Osimo 2023",13.4961,43.4601,2023,7,16,197,2023-07-16,29.06,32.15,26.2,0,2.38,65.75,21.74,406.08,26.88,159,15.1020084724939
"Osimo 2023",13.4961,43.4601,2023,7,17,198,2023-07-17,29.62,32.63,26.6,0,2.35,60.12,20.89,407.52,26.69,160,15.076174343338
"Osimo 2023",13.4961,43.4601,2023,7,18,199,2023-07-18,29.62,31.97,26.79,0,2.94,65,22.26,406.13,25.87,161,15.0494758158615
"Osimo 2023",13.4961,43.4601,2023,7,19,200,2023-07-19,30.07,33.11,27.21,0,2.62,60.75,21.51,412.07,27.02,162,15.0219322269959
"Osimo 2023",13.4961,43.4601,2023,7,20,201,2023-07-20,28.71,30.96,26.1,1.99,2.94,69.06,22.38,410.3,26.37,163,14.9935631100263
"Osimo 2023",13.4961,43.4601,2023,7,21,202,2023-07-21,30.44,34.54,26.58,1.1,1.66,60.94,21.65,414.99,22.77,164,14.9643881521397
"Osimo 2023",13.4961,43.4601,2023,7,22,203,2023-07-22,29.8,33.55,26.26,1.1,1.84,64.56,21.93,408.52,25.84,165,14.9344271532044
"Osimo 2023",13.4961,43.4601,2023,7,23,204,2023-07-23,30.16,34,26.86,0.45,0.93,58.69,20.4,399.55,25.33,166,14.9036999859051
"Osimo 2023",13.4961,43.4601,2023,7,24,205,2023-07-24,29.71,32.8,27.12,0.37,2.43,67.75,22.94,417.63,21.82,167,14.8722265573427
"Osimo 2023",13.4961,43.4601,2023,7,25,206,2023-07-25,30.01,34.48,25.79,0.64,3.9,56.38,20.07,406.16,15,168,14.8400267721951
"Osimo 2023",13.4961,43.4601,2023,7,26,207,2023-07-26,24.97,26.46,23.87,2.34,5.33,68.06,18.65,377.38,22.51,169,14.8071204975171
"Osimo 2023",13.4961,43.4601,2023,7,27,208,2023-07-27,24.65,26.36,22.05,0.1,3.96,55.31,14.91,367.49,26.73,170,14.7735275292482
"Osimo 2023",13.4961,43.4601,2023,7,28,209,2023-07-28,26.28,29.06,22.91,0.07,2.91,57.94,17.14,379.3,24.44,171,14.7392675604795
"Osimo 2023",13.4961,43.4601,2023,7,29,210,2023-07-29,26.19,28.64,23.71,0.02,3.61,67.38,19.51,391.23,25.78,172,14.7043601515196
"Osimo 2023",13.4961,43.4601,2023,7,30,211,2023-07-30,26.98,29.58,24.66,0.51,3.15,69.38,20.81,393.88,25.41,173,14.6688247017875
"Osimo 2023",13.4961,43.4601,2023,7,31,212,2023-07-31,26.65,28.33,25.02,0.68,1.9,67.19,19.97,390.69,24.22,174,14.6326804235461
"Osimo 2023",13.4961,43.4601,2023,8,1,213,2023-08-01,28.12,31.58,24.48,0,1.95,61.19,19.67,397.99,22.49,175,14.5959463174848
"Osimo 2023",13.4961,43.4601,2023,8,2,214,2023-08-02,27.04,29.35,24.01,0,3.42,66,20.05,401.35,25.46,176,14.5586411501415
"Osimo 2023",13.4961,43.4601,2023,8,3,215,2023-08-03,28.38,31.33,24.58,0.01,2.95,63.44,20.6,403.34,24.77,177,14.5207834331532
"Osimo 2023",13.4961,43.4601,2023,8,4,216,2023-08-04,25.9,29.17,21.89,16.89,2.95,73.12,20.5,408.29,16.91,178,14.4823914043107
"Osimo 2023",13.4961,43.4601,2023,8,5,217,2023-08-05,23.08,25.8,20.97,3.83,4.46,69.88,16.99,369.17,21.67,179,14.4434830103873
"Osimo 2023",13.4961,43.4601,2023,8,6,218,2023-08-06,24.65,27.58,21.82,2.74,4.16,65.31,17.41,378.16,22.47,180,14.4040758917048
"Osimo 2023",13.4961,43.4601,2023,8,7,219,2023-08-07,23.27,25.24,20.96,1.28,5.28,68.31,17.05,356.03,22.87,181,14.3641873683938
"Osimo 2023",13.4961,43.4601,2023,8,8,220,2023-08-08,24.15,25.99,22.4,0,3.06,51.94,13.55,344.8,25.9,182,14.3238344283009
"Osimo 2023",13.4961,43.4601,2023,8,9,221,2023-08-09,25.03,27.65,22.9,0,1.8,49.5,13.52,362.23,24.11,183,14.2830337164897
"Osimo 2023",13.4961,43.4601,2023,8,10,222,2023-08-10,25.54,27.61,23.29,0,2.6,56.06,15.92,368.52,24.41,184,14.2418015262812
"Montemurro 2023",15.9981,40.3022,2023,3,24,83,2023-03-24,13.45,21.76,6.62,0,1.2,66.88,6.55,294,19.35,1,12.2704090976908
"Montemurro 2023",15.9981,40.3022,2023,3,25,84,2023-03-25,12.34,20.86,7.05,0,3.38,65.81,5.5,280.99,20.81,2,12.3150346765223
"Montemurro 2023",15.9981,40.3022,2023,3,26,85,2023-03-26,11.85,19.82,5.3,0,2.77,68.75,5.33,280.11,19.94,3,12.359625820448
"Montemurro 2023",15.9981,40.3022,2023,3,27,86,2023-03-27,10.06,14.8,6.07,5,4.45,77.94,6.12,320.03,11.62,4,12.404176887205
"Montemurro 2023",15.9981,40.3022,2023,3,28,87,2023-03-28,6.57,11.38,0.9,0.96,4.6,61.75,-1.28,257.46,21.68,5,12.4486821966791
"Montemurro 2023",15.9981,40.3022,2023,3,29,88,2023-03-29,7.65,15.65,0.08,0,2.22,58.12,-1.09,255.43,19.36,6,12.4931360189319
"Montemurro 2023",15.9981,40.3022,2023,3,30,89,2023-03-30,10.73,18.98,3.03,0,1.57,70.06,4.41,284.31,17.87,7,12.5375325623245
"Montemurro 2023",15.9981,40.3022,2023,3,31,90,2023-03-31,12.3,21.27,5.41,0,3.61,58.75,3.91,287.35,16.92,8,12.5818659617437
"Montemurro 2023",15.9981,40.3022,2023,4,1,91,2023-04-01,12.94,18.95,8.75,0,4.09,69.75,6.76,307.24,19.07,9,12.6261302669359
"Montemurro 2023",15.9981,40.3022,2023,4,2,92,2023-04-02,11.4,18.39,4.43,0.05,1.7,71.06,5.19,298.12,18.09,10,12.6703194309567
"Montemurro 2023",15.9981,40.3022,2023,4,3,93,2023-04-03,9.9,12.29,7.25,12.36,4.95,87.69,7.87,316.41,3.46,11,12.714427298742
"Montemurro 2023",15.9981,40.3022,2023,4,4,94,2023-04-04,7.55,11.86,2.49,1.03,4.01,73.75,2.75,313.01,13.5,12,12.7584475958105
"Montemurro 2023",15.9981,40.3022,2023,4,5,95,2023-04-05,4.73,7.7,1.72,4.18,1.5,84.12,2.18,318.41,6.08,13,12.8023739171055
"Montemurro 2023",15.9981,40.3022,2023,4,6,96,2023-04-06,5.65,11.35,0.68,0.62,3.33,69.25,-0.13,284.8,16.29,14,12.8461997159884
"Montemurro 2023",15.9981,40.3022,2023,4,7,97,2023-04-07,7.66,14.96,0.4,0,1.82,64.62,0.55,259,21.01,15,12.8899182933927
"Montemurro 2023",15.9981,40.3022,2023,4,8,98,2023-04-08,8.43,14.35,1.94,1.61,1.17,72.19,3.01,300.27,11.75,16,12.9335227871541
"Montemurro 2023",15.9981,40.3022,2023,4,9,99,2023-04-09,7.8,11.41,4.95,4.15,2.27,84.38,5.15,319.27,10.63,17,12.9770061615286
"Montemurro 2023",15.9981,40.3022,2023,4,10,100,2023-04-10,7.83,11.33,4.68,5.56,4.22,83,4.94,300.85,12.06,18,13.0203611969157
"Montemurro 2023",15.9981,40.3022,2023,4,11,101,2023-04-11,10.19,17.3,5.32,0.01,3.54,71.44,4.37,260.19,25.28,19,13.0635804798026
"Montemurro 2023",15.9981,40.3022,2023,4,12,102,2023-04-12,12.69,19.96,5.73,3.53,2.4,69.69,6.82,294.54,20.01,20,13.1066563929489
"Montemurro 2023",15.9981,40.3022,2023,4,13,103,2023-04-13,13.65,22.11,6.33,2.91,2.81,64.62,5.94,287.43,24.5,21,13.1495811058318
"Montemurro 2023",15.9981,40.3022,2023,4,14,104,2023-04-14,9.06,13.3,5.41,1.16,4.41,74.38,4.31,305.52,14.54,22,13.1923465653725
"Montemurro 2023",15.9981,40.3022,2023,4,15,105,2023-04-15,9.51,15,4.96,3.92,2.72,79.5,5.69,310.33,9.54,23,13.2349444869702
"Montemurro 2023",15.9981,40.3022,2023,4,16,106,2023-04-16,8.98,11.69,7.02,15.88,1.57,88.06,7.01,317.2,8.39,24,13.2773663458659
"Montemurro 2023",15.9981,40.3022,2023,4,17,107,2023-04-17,9.41,13.37,6.76,6.27,2.04,89.75,7.68,328.48,7.94,25,13.3196033688661
"Montemurro 2023",15.9981,40.3022,2023,4,18,108,2023-04-18,11.06,16.39,5.74,6.76,1.02,81.25,7.6,331.54,12.76,26,13.3616465264534
"Montemurro 2023",15.9981,40.3022,2023,4,19,109,2023-04-19,12.12,16.51,7.1,1.17,1.54,75.81,7.6,321.94,16.36,27,13.403486525317
"Montemurro 2023",15.9981,40.3022,2023,4,20,110,2023-04-20,12.46,18.1,7.23,0.01,1.43,75.69,7.76,286.27,22.48,28,13.4451138013337
"Montemurro 2023",15.9981,40.3022,2023,4,21,111,2023-04-21,13.37,19.12,8.58,0.06,1.05,72.12,7.95,301.66,21.04,29,13.4865185130363
"Montemurro 2023",15.9981,40.3022,2023,4,22,112,2023-04-22,13.59,20.14,6.69,0.01,1.62,68.94,7.23,296.74,22.81,30,13.5276905356049
"Montemurro 2023",15.9981,40.3022,2023,4,23,113,2023-04-23,14.5,20.95,7.93,0.06,1.44,68,8.22,291.44,23.31,31,13.568619455419
"Montemurro 2023",15.9981,40.3022,2023,4,24,114,2023-04-24,13.51,19.44,8.33,0.29,4.3,66.62,7.05,312.2,15.18,32,13.6092945652121
"Montemurro 2023",15.9981,40.3022,2023,4,25,115,2023-04-25,13.79,20.08,9.02,0.08,3.65,73.5,8.46,319.73,15.6,33,13.6497048598683
"Montemurro 2023",15.9981,40.3022,2023,4,26,116,2023-04-26,11.77,17.5,5.76,0.2,3.55,71,6.08,289.69,25.06,34,13.6898390329062
"Montemurro 2023",15.9981,40.3022,2023,4,27,117,2023-04-27,12.3,19.44,4.93,0,2.25,56.62,3.26,274.3,27.02,35,13.7296854736935
"Montemurro 2023",15.9981,40.3022,2023,4,28,118,2023-04-28,14.97,22.69,7.23,0,1.09,51.94,4.33,279.55,26.09,36,13.7692322654388
"Montemurro 2023",15.9981,40.3022,2023,4,29,119,2023-04-29,15.88,23.88,8.87,1.77,1.48,61.69,7.7,318.91,21.36,37,13.8084671840072
"Montemurro 2023",15.9981,40.3022,2023,4,30,120,2023-04-30,13.76,18.69,11.18,3.3,1.62,86.62,11.4,344.27,10.38,38,13.8473776976072
"Montemurro 2023",15.9981,40.3022,2023,5,1,121,2023-05-01,13.18,15.45,10.33,10.25,3.4,93.12,12.05,344.59,5.3,39,13.8859509673991
"Montemurro 2023",15.9981,40.3022,2023,5,2,122,2023-05-02,14.27,18.44,11.23,10.29,3.61,87.56,12.04,339.59,11.33,40,13.9241738490712
"Montemurro 2023",15.9981,40.3022,2023,5,3,123,2023-05-03,13.42,16.89,10.4,6.64,3.1,85.5,10.84,342.52,11.59,41,13.9620328954347
"Montemurro 2023",15.9981,40.3022,2023,5,4,124,2023-05-04,14.05,19.44,9.63,0.09,3.01,77.69,9.8,324.21,17.47,42,13.9995143600851
"Montemurro 2023",15.9981,40.3022,2023,5,5,125,2023-05-05,15.3,22.13,8.54,0,2.73,68.38,9.05,294.09,27.07,43,14.0366042021782
"Montemurro 2023",15.9981,40.3022,2023,5,6,126,2023-05-06,17.51,24.18,9.82,0,1.2,61.69,9.4,307.59,25.89,44,14.0732880923679
"Montemurro 2023",15.9981,40.3022,2023,5,7,127,2023-05-07,18.36,25.04,11.58,0,1.38,57.69,9.08,308.47,26.66,45,14.109551419951
"Montemurro 2023",15.9981,40.3022,2023,5,8,128,2023-05-08,17.34,22.65,13.48,1.59,1.2,67.94,11,342.34,7.6,46,14.1453793012634
"Montemurro 2023",15.9981,40.3022,2023,5,9,129,2023-05-09,16.17,20.33,13.12,0.82,1.73,79.38,12.24,355.16,7.7,47,14.1807565893682
"Montemurro 2023",15.9981,40.3022,2023,5,10,130,2023-05-10,15.51,19.74,11.71,5.91,1.15,79.31,11.75,341.91,6.19,48,14.2156678850746
"Montemurro 2023",15.9981,40.3022,2023,5,11,131,2023-05-11,15.76,22.27,9.57,1.34,2.71,72.5,10.06,314.12,23.5,49,14.2500975493227
"Montemurro 2023",15.9981,40.3022,2023,5,12,132,2023-05-12,14.83,20.91,8.12,0.31,2.11,69.44,8.51,302.55,21.68,50,14.2840297169647
"Montemurro 2023",15.9981,40.3022,2023,5,13,133,2023-05-13,15.39,19.25,11.45,4.97,2.09,77,11.14,345.13,6.94,51,14.31744831197
"Montemurro 2023",15.9981,40.3022,2023,5,14,134,2023-05-14,17.11,22.89,12.99,2.9,2.26,79.69,13.15,349.41,15.1,52,14.3503370640742
"Montemurro 2023",15.9981,40.3022,2023,5,15,135,2023-05-15,15.12,17.8,12.91,16.07,2.84,93.44,14.02,359.78,4.22,53,14.3826795268887
"Montemurro 2023",15.9981,40.3022,2023,5,16,136,2023-05-16,14.34,18.23,10.65,5.96,4.41,80.62,10.78,342.91,10.15,54,14.4144590974793
"Montemurro 2023",15.9981,40.3022,2023,5,17,137,2023-05-17,14.45,18.49,10.84,6.41,2.69,80.56,10.88,342.15,13.92,55,14.4456590374169
"Montemurro 2023",15.9981,40.3022,2023,5,18,138,2023-05-18,15.48,21.4,9.38,0.17,1.35,77.94,11.23,334.42,17.5,56,14.4762624952943
"Montemurro 2023",15.9981,40.3022,2023,5,19,139,2023-05-19,16.34,22.48,11.77,0.05,1.96,78.19,12.13,338.45,20.21,57,14.5062525306958
"Montemurro 2023",15.9981,40.3022,2023,5,20,140,2023-05-20,14.92,19.47,12.55,3.47,3.05,84.88,12.11,344.83,5.83,58,14.5356121395981
"Montemurro 2023",15.9981,40.3022,2023,5,21,141,2023-05-21,14.77,18.19,11.88,5.22,1.64,85.94,12.29,346.86,9.65,59,14.5643242811703
"Montemurro 2023",15.9981,40.3022,2023,5,22,142,2023-05-22,17.33,22.12,12.09,0.23,1.6,73.06,12.01,342.3,18.92,60,14.5923719059329
"Montemurro 2023",15.9981,40.3022,2023,5,23,143,2023-05-23,18.79,24.3,11.55,0.27,0.95,61.81,10.71,320.96,24.03,61,14.6197379852247
"Montemurro 2023",15.9981,40.3022,2023,5,24,144,2023-05-24,19.52,25.45,14.15,0.08,1.19,60.25,11.02,321.25,25.47,62,14.6464055419159
"Montemurro 2023",15.9981,40.3022,2023,5,25,145,2023-05-25,19.76,25.62,14.55,0.01,1.4,59.25,11,321.16,27.38,63,14.6723576822956
"Montemurro 2023",15.9981,40.3022,2023,5,26,146,2023-05-26,18.12,23.11,12.92,0.68,2.74,70.25,12.42,341.39,18.07,64,14.6975776290511
"Montemurro 2023",15.9981,40.3022,2023,5,27,147,2023-05-27,18.67,24.64,13.51,0.21,2.96,65.44,11.62,338.96,19.25,65,14.7220487552446
"Montemurro 2023",15.9981,40.3022,2023,5,28,148,2023-05-28,18.76,24.25,12.4,0.54,2.25,66.94,12.05,323.7,24.59,66,14.745754619184
"Montemurro 2023",15.9981,40.3022,2023,5,29,149,2023-05-29,19.69,25.94,13.28,1.63,1.36,63.81,11.9,339.74,23.49,67,14.7686790000703
"Montemurro 2023",15.9981,40.3022,2023,5,30,150,2023-05-30,19.56,24.32,14.07,3.07,0.8,67.44,12.85,341.95,19.99,68,14.7908059342976
"Montemurro 2023",15.9981,40.3022,2023,5,31,151,2023-05-31,19.33,23.58,15.09,5.14,0.95,70.19,13.46,335.09,19.59,69,14.8121197522683
"Montemurro 2023",15.9981,40.3022,2023,6,1,152,2023-06-01,19.12,23.25,14.68,0.89,1.1,70.38,13.22,340.16,19.43,70,14.8326051155788
"Montemurro 2023",15.9981,40.3022,2023,6,2,153,2023-06-02,19.63,24.23,13.99,1.61,1.07,66,12.61,334.84,22.63,71,14.8522470544199
"Montemurro 2023",15.9981,40.3022,2023,6,3,154,2023-06-03,19.95,24.19,13.64,1.21,0.91,66.69,13.09,333.98,22.47,72,14.8710310050305
"Montemurro 2023",15.9981,40.3022,2023,6,4,155,2023-06-04,20.79,25.56,15.75,0.06,1.45,66.12,13.8,333.49,26.2,73,14.8889428470326
"Montemurro 2023",15.9981,40.3022,2023,6,5,156,2023-06-05,19.06,22.27,16.33,1.17,1.35,75.88,14.39,358.37,11.88,74,14.9059689404728
"Montemurro 2023",15.9981,40.3022,2023,6,6,157,2023-06-06,19.44,23.7,15.52,2.15,0.97,76.06,14.74,349.65,18.73,75,14.9220961623889
"Montemurro 2023",15.9981,40.3022,2023,6,7,158,2023-06-07,20.5,26.24,14.89,3.38,1.05,71,14.42,354.11,21.95,76,14.9373119427141
"Montemurro 2023",15.9981,40.3022,2023,6,8,159,2023-06-08,21.5,27.23,14.5,0.19,1.07,65.75,14.09,336.99,25.94,77,14.9516042993349
"Montemurro 2023",15.9981,40.3022,2023,6,9,160,2023-06-09,22.59,28.95,15.2,0.02,0.89,61.62,14,332.12,26.59,78,14.964961872111
"Montemurro 2023",15.9981,40.3022,2023,6,10,161,2023-06-10,20.33,23.4,17.23,2.21,1.83,72.06,14.97,364.55,16.67,79,14.9773739556713
"Montemurro 2023",15.9981,40.3022,2023,6,11,162,2023-06-11,19.82,23.77,15.86,12.8,1.35,79.56,15.9,356.89,18.52,80,14.9888305307997
"Montemurro 2023",15.9981,40.3022,2023,6,12,163,2023-06-12,19.87,24.88,14.55,1.8,2.2,74,14.62,348.63,22.1,81,14.9993222942298
"Montemurro 2023",15.9981,40.3022,2023,6,13,164,2023-06-13,20.63,26.68,14.24,1.03,1.05,68.31,14,344.33,20.3,82,15.008840686672
"Montemurro 2023",15.9981,40.3022,2023,6,14,165,2023-06-14,20.8,25.73,15.51,4.68,1.05,70.5,14.71,348.45,21.56,83,15.0173779189057
"Montemurro 2023",15.9981,40.3022,2023,6,15,166,2023-06-15,18.54,22.86,15.58,11.23,1.9,83.75,15.51,356.86,13.96,84,15.0249269957752
"Montemurro 2023",15.9981,40.3022,2023,6,16,167,2023-06-16,18.86,23.67,14.84,0.34,4.83,69.56,12.73,335.84,22.97,85,15.0314817379425
"Montemurro 2023",15.9981,40.3022,2023,6,17,168,2023-06-17,19.5,25.49,14.43,0.01,4.43,61.19,11.08,312.85,28.33,86,15.0370368012589
"Montemurro 2023",15.9981,40.3022,2023,6,18,169,2023-06-18,20.55,27.48,13.76,0,3.12,55,10.5,309.92,30.38,87,15.0415876936328
"Montemurro 2023",15.9981,40.3022,2023,6,19,170,2023-06-19,23.44,30.31,14.59,0,1.62,45.31,9.9,324.36,29.58,88,15.045130789285
"Montemurro 2023",15.9981,40.3022,2023,6,20,171,2023-06-20,25.34,32.98,17.12,0,1.41,46.12,11.72,344.06,29.35,89,15.0476633402991
"Montemurro 2023",15.9981,40.3022,2023,6,21,172,2023-06-21,27.03,35.05,20.05,0,1.88,47.38,13.69,351.38,29.19,90,15.0491834853925
"Montemurro 2023",15.9981,40.3022,2023,6,22,173,2023-06-22,28.55,36.15,20.42,0,1.96,42.25,13.4,357.14,29.01,91,15.0496902558499
"Montemurro 2023",15.9981,40.3022,2023,6,23,174,2023-06-23,29.49,37.94,22.33,0.09,1.52,40.06,12.69,356.17,27.4,92,15.0491835785798
"Montemurro 2023",15.9981,40.3022,2023,6,24,175,2023-06-24,24.73,30.82,19.75,3.11,1.99,58.94,15.23,353.22,22.97,93,15.0476642762758
"Montemurro 2023",15.9981,40.3022,2023,6,25,176,2023-06-25,22.59,27.4,18.26,1.21,3.31,69.5,16.37,357.87,25.12,94,15.0451340646795
"Montemurro 2023",15.9981,40.3022,2023,6,26,177,2023-06-26,23.59,30.68,16.9,0.32,3.02,59.06,14.37,341.3,29.26,95,15.0415955469656
"Montemurro 2023",15.9981,40.3022,2023,6,27,178,2023-06-27,24.95,32.41,16.8,0.01,1.99,54.94,14.25,334.43,29.8,96,15.0370522052843
"Montemurro 2023",15.9981,40.3022,2023,6,28,179,2023-06-28,25.6,33.62,17.58,0,1.54,51.5,13.34,336.4,28.66,97,15.0315083895184
"Montemurro 2023",15.9981,40.3022,2023,6,29,180,2023-06-29,23.41,30.42,17.94,0.01,2.06,61.31,14.44,357.29,24.95,98,15.0249693033278
"Montemurro 2023",15.9981,40.3022,2023,6,30,181,2023-06-30,23.96,30.81,16.69,0.89,0.95,61.19,15.37,346.3,27.04,99,15.0174409875725
"Montemurro 2023",15.9981,40.3022,2023,7,1,182,2023-07-01,23.23,30.05,16.97,0.9,2.55,58.88,13.48,351.98,19.32,100,15.0089303012211
"Montemurro 2023",15.9981,40.3022,2023,7,2,183,2023-07-02,23.15,30.35,15.34,0.01,2.28,59.06,13.77,353.63,24.79,101,14.9994448998664
"Montemurro 2023",15.9981,40.3022,2023,7,3,184,2023-07-03,25.3,33.02,16.95,0.04,1,56.25,14.53,352.75,27.95,102,14.9889932119834
"Montemurro 2023",15.9981,40.3022,2023,7,4,185,2023-07-04,25.57,32.38,18.07,0.06,1.42,57.75,15.69,350.74,26.92,103,14.977584413078
"Montemurro 2023",15.9981,40.3022,2023,7,5,186,2023-07-05,25.61,31.8,20.4,0.05,1.5,59.19,16.08,348.7,28.62,104,14.9652283978845
"Montemurro 2023",15.9981,40.3022,2023,7,6,187,2023-07-06,26.76,34.41,18.94,0,2.02,50,14.17,344.66,30.12,105,14.9519357507792
"Montemurro 2023",15.9981,40.3022,2023,7,7,188,2023-07-07,26.37,33.97,19.32,0.02,2.58,50.88,14.4,352.05,29.67,106,14.9377177145855
"Montemurro 2023",15.9981,40.3022,2023,7,8,189,2023-07-08,25.65,34.52,18.36,0,2.66,47.88,12.4,352.81,27.76,107,14.9225861579511
"Montemurro 2023",15.9981,40.3022,2023,7,9,190,2023-07-09,26.71,35.44,18.97,0,2.28,39.19,9.65,345.79,30.32,108,14.906553541483
"Montemurro 2023",15.9981,40.3022,2023,7,10,191,2023-07-10,27.18,35.25,18.33,0,2.59,40,11.4,340.56,30.15,109,14.8896328828254
"Montemurro 2023",15.9981,40.3022,2023,7,11,192,2023-07-11,28.69,36.62,21.23,0,1.6,37,11.26,348.35,29.73,110,14.871837720872
"Montemurro 2023",15.9981,40.3022,2023,7,12,193,2023-07-12,30.21,38.39,22.12,0,1.56,40.81,13.4,352.48,29.87,111,14.8531820792969
"Montemurro 2023",15.9981,40.3022,2023,7,13,194,2023-07-13,31.4,41.32,22.05,0,1.88,31.88,10.51,362.26,28.86,112,14.8336804295914
"Montemurro 2023",15.9981,40.3022,2023,7,14,195,2023-07-14,30.59,39.79,21.29,0.01,1.07,36.56,11.71,347.26,29.65,113,14.8133476537868
"Montemurro 2023",15.9981,40.3022,2023,7,15,196,2023-07-15,30.08,38.19,22.3,0,1.44,44.31,15.21,345.35,30.2,114,14.7921990070405
"Montemurro 2023",15.9981,40.3022,2023,7,16,197,2023-07-16,31.26,39.5,23.15,0,1.54,37.38,13.3,361.41,29.8,115,14.7702500802561
"Montemurro 2023",15.9981,40.3022,2023,7,17,198,2023-07-17,32.89,41.4,24.16,0,1.72,29.12,10.89,373.93,28.83,116,14.7475167628987
"Montemurro 2023",15.9981,40.3022,2023,7,18,199,2023-07-18,32.4,41.12,24.58,0,2.45,30.56,11.38,371.28,29.31,117,14.724015206163
"Montemurro 2023",15.9981,40.3022,2023,7,19,200,2023-07-19,33.54,42.63,25.47,0,1.53,28.06,10.64,365.57,29.08,118,14.699761786639
"Montemurro 2023",15.9981,40.3022,2023,7,20,201,2023-07-20,32.77,42.38,23.93,0,1.84,25.56,8.45,360.48,29.03,119,14.674773070611
"Montemurro 2023",15.9981,40.3022,2023,7,21,202,2023-07-21,32.44,40.93,23.94,0,1.93,29,10.65,374.36,25.8,120,14.6490657791189
"Montemurro 2023",15.9981,40.3022,2023,7,22,203,2023-07-22,32.51,40.65,25.71,0,3.68,25.81,9.55,362.57,27.96,121,14.6226567538945
"Montemurro 2023",15.9981,40.3022,2023,7,23,204,2023-07-23,31.84,41.28,24.17,0,3.05,28.56,10.27,360.7,27.83,122,14.5955629242811
"Montemurro 2023",15.9981,40.3022,2023,7,24,205,2023-07-24,33.57,43.08,24.76,0,1.8,20.44,6.12,357.07,28.44,123,14.5678012752285
"Montemurro 2023",15.9981,40.3022,2023,7,25,206,2023-07-25,32.33,41.01,24.66,0,5.02,26.62,7.71,359.99,26.15,124,14.5393888164478
"Montemurro 2023",15.9981,40.3022,2023,7,26,207,2023-07-26,25.56,30.4,20.73,0.03,4.84,50,13.17,350.71,25.96,125,14.5103425527992
"Montemurro 2023",15.9981,40.3022,2023,7,27,208,2023-07-27,25.13,32.56,18.42,0.01,3.1,44,10.07,337.97,27.87,126,14.4806794559725
"Montemurro 2023",15.9981,40.3022,2023,7,28,209,2023-07-28,26.95,35.58,17.69,0.01,1.16,38.12,9.91,342.17,26.2,127,14.4504164375145
"Montemurro 2023",15.9981,40.3022,2023,7,29,210,2023-07-29,27.42,35.87,19.29,0,1.52,41.94,11.72,338.45,28.87,128,14.4195703232432
"Montemurro 2023",15.9981,40.3022,2023,7,30,211,2023-07-30,29.11,37.9,20.18,0,1.48,37.5,11.25,353.05,28.43,129,14.3881578290802
